2025-10-25 21:02:58,868 [INFO] ==================================================
2025-10-25 21:02:58,868 [INFO] BẮT ĐẦU ETL PIPELINE (LƯU RA CSV) LÚC: 2025-10-25 21:02:58.868195
2025-10-25 21:02:58,869 [INFO] ==================================================
2025-10-25 21:02:58,869 [INFO] 
 [Bước 1/3] Đang đọc metadata từ 'C:\Users\trank\kiet\Open-Meteo-Dataset\pipelineDataViaSupabase\../stations_metadata.csv'...
2025-10-25 21:02:58,871 [INFO]  -> Đọc thành công thông tin của 31 trạm.
2025-10-25 21:02:58,871 [INFO] 
 [Bước 2/3] Đang lấy dữ liệu gần đây từ Open-Meteo...
2025-10-25 21:02:58,873 [INFO] Bắt đầu hàm fetch_recent_data...
2025-10-25 21:02:58,873 [INFO]   -> Đang xử lý vị trí trạm ID: 2539 cho 5 ngày qua...
2025-10-25 21:02:59,626 [INFO]    - Lấy dữ liệu thời tiết thành công.
2025-10-25 21:03:00,519 [INFO]      - Lấy dữ liệu chất lượng không khí thành công.
2025-10-25 21:03:00,524 [INFO]     -> Thành công. Đã xử lý trạm 2539 (144 dòng).
2025-10-25 21:03:00,525 [INFO]   -> Đang xử lý vị trí trạm ID: 7441 cho 5 ngày qua...
2025-10-25 21:03:00,702 [INFO]    - Lấy dữ liệu thời tiết thành công.
2025-10-25 21:03:00,909 [INFO]      - Lấy dữ liệu chất lượng không khí thành công.
2025-10-25 21:03:00,911 [INFO]     -> Thành công. Đã xử lý trạm 7441 (144 dòng).
2025-10-25 21:03:00,911 [INFO]   -> Đang xử lý vị trí trạm ID: 1285357 cho 5 ngày qua...
2025-10-25 21:03:01,086 [INFO]    - Lấy dữ liệu thời tiết thành công.
2025-10-25 21:03:01,306 [INFO]      - Lấy dữ liệu chất lượng không khí thành công.
2025-10-25 21:03:01,309 [INFO]     -> Thành công. Đã xử lý trạm 1285357 (144 dòng).
2025-10-25 21:03:01,310 [INFO]   -> Đang xử lý vị trí trạm ID: 2161290 cho 5 ngày qua...
2025-10-25 21:03:01,487 [INFO]    - Lấy dữ liệu thời tiết thành công.
2025-10-25 21:03:01,701 [INFO]      - Lấy dữ liệu chất lượng không khí thành công.
2025-10-25 21:03:01,702 [INFO]     -> Thành công. Đã xử lý trạm 2161290 (144 dòng).
2025-10-25 21:03:01,703 [INFO]   -> Đang xử lý vị trí trạm ID: 2161291 cho 5 ngày qua...
2025-10-25 21:03:01,877 [INFO]    - Lấy dữ liệu thời tiết thành công.
2025-10-25 21:03:02,101 [INFO]      - Lấy dữ liệu chất lượng không khí thành công.
2025-10-25 21:03:02,104 [INFO]     -> Thành công. Đã xử lý trạm 2161291 (144 dòng).
2025-10-25 21:03:02,104 [INFO]   -> Đang xử lý vị trí trạm ID: 2161292 cho 5 ngày qua...
2025-10-25 21:03:02,281 [INFO]    - Lấy dữ liệu thời tiết thành công.
2025-10-25 21:03:02,489 [INFO]      - Lấy dữ liệu chất lượng không khí thành công.
2025-10-25 21:03:02,494 [INFO]     -> Thành công. Đã xử lý trạm 2161292 (144 dòng).
2025-10-25 21:03:02,494 [INFO]   -> Đang xử lý vị trí trạm ID: 2161293 cho 5 ngày qua...
2025-10-25 21:03:02,672 [INFO]    - Lấy dữ liệu thời tiết thành công.
2025-10-25 21:03:02,867 [INFO]      - Lấy dữ liệu chất lượng không khí thành công.
2025-10-25 21:03:02,869 [INFO]     -> Thành công. Đã xử lý trạm 2161293 (144 dòng).
2025-10-25 21:03:02,870 [INFO]   -> Đang xử lý vị trí trạm ID: 2161294 cho 5 ngày qua...
2025-10-25 21:03:03,045 [INFO]    - Lấy dữ liệu thời tiết thành công.
2025-10-25 21:03:03,261 [INFO]      - Lấy dữ liệu chất lượng không khí thành công.
2025-10-25 21:03:03,263 [INFO]     -> Thành công. Đã xử lý trạm 2161294 (144 dòng).
2025-10-25 21:03:03,263 [INFO]   -> Đang xử lý vị trí trạm ID: 2161295 cho 5 ngày qua...
2025-10-25 21:03:03,437 [INFO]    - Lấy dữ liệu thời tiết thành công.
2025-10-25 21:03:03,657 [INFO]      - Lấy dữ liệu chất lượng không khí thành công.
2025-10-25 21:03:03,658 [INFO]     -> Thành công. Đã xử lý trạm 2161295 (144 dòng).
2025-10-25 21:03:03,659 [INFO]   -> Đang xử lý vị trí trạm ID: 2161296 cho 5 ngày qua...
2025-10-25 21:03:03,836 [INFO]    - Lấy dữ liệu thời tiết thành công.
2025-10-25 21:03:04,059 [INFO]      - Lấy dữ liệu chất lượng không khí thành công.
2025-10-25 21:03:04,061 [INFO]     -> Thành công. Đã xử lý trạm 2161296 (144 dòng).
2025-10-25 21:03:04,061 [INFO]   -> Đang xử lý vị trí trạm ID: 2161298 cho 5 ngày qua...
2025-10-25 21:03:04,234 [INFO]    - Lấy dữ liệu thời tiết thành công.
2025-10-25 21:03:04,444 [INFO]      - Lấy dữ liệu chất lượng không khí thành công.
2025-10-25 21:03:04,446 [INFO]     -> Thành công. Đã xử lý trạm 2161298 (144 dòng).
2025-10-25 21:03:04,446 [INFO]   -> Đang xử lý vị trí trạm ID: 2161299 cho 5 ngày qua...
2025-10-25 21:03:04,620 [INFO]    - Lấy dữ liệu thời tiết thành công.
2025-10-25 21:03:04,843 [INFO]      - Lấy dữ liệu chất lượng không khí thành công.
2025-10-25 21:03:04,845 [INFO]     -> Thành công. Đã xử lý trạm 2161299 (144 dòng).
2025-10-25 21:03:04,845 [INFO]   -> Đang xử lý vị trí trạm ID: 2161300 cho 5 ngày qua...
2025-10-25 21:03:05,018 [INFO]    - Lấy dữ liệu thời tiết thành công.
2025-10-25 21:03:05,232 [INFO]      - Lấy dữ liệu chất lượng không khí thành công.
2025-10-25 21:03:05,233 [INFO]     -> Thành công. Đã xử lý trạm 2161300 (144 dòng).
2025-10-25 21:03:05,233 [INFO]   -> Đang xử lý vị trí trạm ID: 2161301 cho 5 ngày qua...
2025-10-25 21:03:05,408 [INFO]    - Lấy dữ liệu thời tiết thành công.
2025-10-25 21:03:05,626 [INFO]      - Lấy dữ liệu chất lượng không khí thành công.
2025-10-25 21:03:05,629 [INFO]     -> Thành công. Đã xử lý trạm 2161301 (144 dòng).
2025-10-25 21:03:05,629 [INFO]   -> Đang xử lý vị trí trạm ID: 2161303 cho 5 ngày qua...
2025-10-25 21:03:05,802 [INFO]    - Lấy dữ liệu thời tiết thành công.
2025-10-25 21:03:06,029 [INFO]      - Lấy dữ liệu chất lượng không khí thành công.
2025-10-25 21:03:06,030 [INFO]     -> Thành công. Đã xử lý trạm 2161303 (144 dòng).
2025-10-25 21:03:06,031 [INFO]   -> Đang xử lý vị trí trạm ID: 2161304 cho 5 ngày qua...
2025-10-25 21:03:06,207 [INFO]    - Lấy dữ liệu thời tiết thành công.
2025-10-25 21:03:06,397 [INFO]      - Lấy dữ liệu chất lượng không khí thành công.
2025-10-25 21:03:06,399 [INFO]     -> Thành công. Đã xử lý trạm 2161304 (144 dòng).
2025-10-25 21:03:06,399 [INFO]   -> Đang xử lý vị trí trạm ID: 2161306 cho 5 ngày qua...
2025-10-25 21:03:06,571 [INFO]    - Lấy dữ liệu thời tiết thành công.
2025-10-25 21:03:06,785 [INFO]      - Lấy dữ liệu chất lượng không khí thành công.
2025-10-25 21:03:06,788 [INFO]     -> Thành công. Đã xử lý trạm 2161306 (144 dòng).
2025-10-25 21:03:06,793 [INFO]   -> Đang xử lý vị trí trạm ID: 2161307 cho 5 ngày qua...
2025-10-25 21:03:06,971 [INFO]    - Lấy dữ liệu thời tiết thành công.
2025-10-25 21:03:07,195 [INFO]      - Lấy dữ liệu chất lượng không khí thành công.
2025-10-25 21:03:07,197 [INFO]     -> Thành công. Đã xử lý trạm 2161307 (144 dòng).
2025-10-25 21:03:07,197 [INFO]   -> Đang xử lý vị trí trạm ID: 2161308 cho 5 ngày qua...
2025-10-25 21:03:07,376 [INFO]    - Lấy dữ liệu thời tiết thành công.
2025-10-25 21:03:07,567 [INFO]      - Lấy dữ liệu chất lượng không khí thành công.
2025-10-25 21:03:07,570 [INFO]     -> Thành công. Đã xử lý trạm 2161308 (144 dòng).
2025-10-25 21:03:07,571 [INFO]   -> Đang xử lý vị trí trạm ID: 2161309 cho 5 ngày qua...
2025-10-25 21:03:07,747 [INFO]    - Lấy dữ liệu thời tiết thành công.
2025-10-25 21:03:07,951 [INFO]      - Lấy dữ liệu chất lượng không khí thành công.
2025-10-25 21:03:07,952 [INFO]     -> Thành công. Đã xử lý trạm 2161309 (144 dòng).
2025-10-25 21:03:07,953 [INFO]   -> Đang xử lý vị trí trạm ID: 2161313 cho 5 ngày qua...
2025-10-25 21:03:08,130 [INFO]    - Lấy dữ liệu thời tiết thành công.
2025-10-25 21:03:08,358 [INFO]      - Lấy dữ liệu chất lượng không khí thành công.
2025-10-25 21:03:08,359 [INFO]     -> Thành công. Đã xử lý trạm 2161313 (144 dòng).
2025-10-25 21:03:08,359 [INFO]   -> Đang xử lý vị trí trạm ID: 2161314 cho 5 ngày qua...
2025-10-25 21:03:08,536 [INFO]    - Lấy dữ liệu thời tiết thành công.
2025-10-25 21:03:08,743 [INFO]      - Lấy dữ liệu chất lượng không khí thành công.
2025-10-25 21:03:08,745 [INFO]     -> Thành công. Đã xử lý trạm 2161314 (144 dòng).
2025-10-25 21:03:08,745 [INFO]   -> Đang xử lý vị trí trạm ID: 2161315 cho 5 ngày qua...
2025-10-25 21:03:08,919 [INFO]    - Lấy dữ liệu thời tiết thành công.
2025-10-25 21:03:09,136 [INFO]      - Lấy dữ liệu chất lượng không khí thành công.
2025-10-25 21:03:09,139 [INFO]     -> Thành công. Đã xử lý trạm 2161315 (144 dòng).
2025-10-25 21:03:09,139 [INFO]   -> Đang xử lý vị trí trạm ID: 2161316 cho 5 ngày qua...
2025-10-25 21:03:09,315 [INFO]    - Lấy dữ liệu thời tiết thành công.
2025-10-25 21:03:09,544 [INFO]      - Lấy dữ liệu chất lượng không khí thành công.
2025-10-25 21:03:09,549 [INFO]     -> Thành công. Đã xử lý trạm 2161316 (144 dòng).
2025-10-25 21:03:09,549 [INFO]   -> Đang xử lý vị trí trạm ID: 2161318 cho 5 ngày qua...
2025-10-25 21:03:09,735 [INFO]    - Lấy dữ liệu thời tiết thành công.
2025-10-25 21:03:09,929 [INFO]      - Lấy dữ liệu chất lượng không khí thành công.
2025-10-25 21:03:09,932 [INFO]     -> Thành công. Đã xử lý trạm 2161318 (144 dòng).
2025-10-25 21:03:09,932 [INFO]   -> Đang xử lý vị trí trạm ID: 2161320 cho 5 ngày qua...
2025-10-25 21:03:10,111 [INFO]    - Lấy dữ liệu thời tiết thành công.
2025-10-25 21:03:10,323 [INFO]      - Lấy dữ liệu chất lượng không khí thành công.
2025-10-25 21:03:10,324 [INFO]     -> Thành công. Đã xử lý trạm 2161320 (144 dòng).
2025-10-25 21:03:10,324 [INFO]   -> Đang xử lý vị trí trạm ID: 2161321 cho 5 ngày qua...
2025-10-25 21:03:10,499 [INFO]    - Lấy dữ liệu thời tiết thành công.
2025-10-25 21:03:10,728 [INFO]      - Lấy dữ liệu chất lượng không khí thành công.
2025-10-25 21:03:10,731 [INFO]     -> Thành công. Đã xử lý trạm 2161321 (144 dòng).
2025-10-25 21:03:10,731 [INFO]   -> Đang xử lý vị trí trạm ID: 2161322 cho 5 ngày qua...
2025-10-25 21:03:10,905 [INFO]    - Lấy dữ liệu thời tiết thành công.
2025-10-25 21:03:11,112 [INFO]      - Lấy dữ liệu chất lượng không khí thành công.
2025-10-25 21:03:11,115 [INFO]     -> Thành công. Đã xử lý trạm 2161322 (144 dòng).
2025-10-25 21:03:11,115 [INFO]   -> Đang xử lý vị trí trạm ID: 4946811 cho 5 ngày qua...
2025-10-25 21:03:11,293 [INFO]    - Lấy dữ liệu thời tiết thành công.
2025-10-25 21:03:11,911 [INFO]      - Lấy dữ liệu chất lượng không khí thành công.
2025-10-25 21:03:11,915 [INFO]     -> Thành công. Đã xử lý trạm 4946811 (144 dòng).
2025-10-25 21:03:11,915 [INFO]   -> Đang xử lý vị trí trạm ID: 4946812 cho 5 ngày qua...
2025-10-25 21:03:12,093 [INFO]    - Lấy dữ liệu thời tiết thành công.
2025-10-25 21:03:12,285 [INFO]      - Lấy dữ liệu chất lượng không khí thành công.
2025-10-25 21:03:12,288 [INFO]     -> Thành công. Đã xử lý trạm 4946812 (144 dòng).
2025-10-25 21:03:12,288 [INFO]   -> Đang xử lý vị trí trạm ID: 4946813 cho 5 ngày qua...
2025-10-25 21:03:12,467 [INFO]    - Lấy dữ liệu thời tiết thành công.
2025-10-25 21:03:12,677 [INFO]      - Lấy dữ liệu chất lượng không khí thành công.
2025-10-25 21:03:12,680 [INFO]     -> Thành công. Đã xử lý trạm 4946813 (144 dòng).
2025-10-25 21:03:12,682 [INFO] Hoàn tất fetch_recent_data. Tổng cộng 4402 dòng được lấy về.
2025-10-25 21:03:12,683 [INFO] 
 [Bước 3/3] Đang ghi/cập nhật dữ liệu vào file CSV...
2025-10-25 21:03:12,690 [INFO] File 'C:\Users\trank\kiet\Open-Meteo-Dataset\pipelineDataViaSupabase\hanoi_realtime_data_updated.csv' chưa tồn tại. Sẽ tạo file mới.
2025-10-25 21:03:12,690 [INFO] Đang sắp xếp lại dữ liệu...
2025-10-25 21:03:12,691 [INFO] Đang ghi 4402 dòng vào 'C:\Users\trank\kiet\Open-Meteo-Dataset\pipelineDataViaSupabase\hanoi_realtime_data_updated.csv'...
2025-10-25 21:03:12,777 [INFO] 
==================================================
2025-10-25 21:03:12,778 [INFO] KẾT THÚC ETL JOB. TỔNG THỜI GIAN: 13.91 GIÂY.
2025-10-25 21:03:12,778 [INFO]  -> Đã thêm thành công 4402 bản ghi mới vào 'C:\Users\trank\kiet\Open-Meteo-Dataset\pipelineDataViaSupabase\hanoi_realtime_data_updated.csv'.
2025-10-25 21:03:12,778 [INFO] ==================================================
2025-10-25 21:05:16,730 [INFO] ==================================================
2025-10-25 21:05:16,730 [INFO] BẮT ĐẦU ETL PIPELINE (LƯU RA CSV) LÚC: 2025-10-25 21:05:16.730767
2025-10-25 21:05:16,730 [INFO] ==================================================
2025-10-25 21:05:16,730 [INFO] 
 [Bước 1/3] Đang đọc metadata từ 'C:\Users\trank\kiet\Open-Meteo-Dataset\pipelineDataViaSupabase\../stations_metadata.csv'...
2025-10-25 21:05:16,732 [INFO]  -> Đọc thành công thông tin của 31 trạm.
2025-10-25 21:05:16,733 [INFO] 
 [Bước 2/3] Đang lấy dữ liệu gần đây từ Open-Meteo...
2025-10-25 21:05:16,733 [INFO] Bắt đầu hàm fetch_recent_data...
2025-10-25 21:05:16,733 [INFO]   -> Đang xử lý vị trí trạm ID: 2539 cho 5 ngày qua...
2025-10-25 21:05:17,468 [INFO]    - Lấy dữ liệu thời tiết thành công.
2025-10-25 21:05:18,401 [INFO]      - Lấy dữ liệu chất lượng không khí thành công.
2025-10-25 21:05:18,404 [INFO]     -> Thành công. Đã xử lý trạm 2539 (144 dòng).
2025-10-25 21:05:18,404 [INFO]   -> Đang xử lý vị trí trạm ID: 7441 cho 5 ngày qua...
2025-10-25 21:05:18,576 [INFO]    - Lấy dữ liệu thời tiết thành công.
2025-10-25 21:05:18,804 [INFO]      - Lấy dữ liệu chất lượng không khí thành công.
2025-10-25 21:05:18,807 [INFO]     -> Thành công. Đã xử lý trạm 7441 (144 dòng).
2025-10-25 21:05:18,807 [INFO]   -> Đang xử lý vị trí trạm ID: 1285357 cho 5 ngày qua...
2025-10-25 21:05:18,980 [INFO]    - Lấy dữ liệu thời tiết thành công.
2025-10-25 21:05:19,219 [INFO]      - Lấy dữ liệu chất lượng không khí thành công.
2025-10-25 21:05:19,221 [INFO]     -> Thành công. Đã xử lý trạm 1285357 (144 dòng).
2025-10-25 21:05:19,221 [INFO]   -> Đang xử lý vị trí trạm ID: 2161290 cho 5 ngày qua...
2025-10-25 21:05:19,394 [INFO]    - Lấy dữ liệu thời tiết thành công.
2025-10-25 21:05:19,603 [INFO]      - Lấy dữ liệu chất lượng không khí thành công.
2025-10-25 21:05:19,604 [INFO]     -> Thành công. Đã xử lý trạm 2161290 (144 dòng).
2025-10-25 21:05:19,605 [INFO]   -> Đang xử lý vị trí trạm ID: 2161291 cho 5 ngày qua...
2025-10-25 21:05:19,776 [INFO]    - Lấy dữ liệu thời tiết thành công.
2025-10-25 21:05:20,000 [INFO]      - Lấy dữ liệu chất lượng không khí thành công.
2025-10-25 21:05:20,002 [INFO]     -> Thành công. Đã xử lý trạm 2161291 (144 dòng).
2025-10-25 21:05:20,002 [INFO]   -> Đang xử lý vị trí trạm ID: 2161292 cho 5 ngày qua...
2025-10-25 21:05:20,178 [INFO]    - Lấy dữ liệu thời tiết thành công.
2025-10-25 21:05:20,422 [INFO]      - Lấy dữ liệu chất lượng không khí thành công.
2025-10-25 21:05:20,423 [INFO]     -> Thành công. Đã xử lý trạm 2161292 (144 dòng).
2025-10-25 21:05:20,424 [INFO]   -> Đang xử lý vị trí trạm ID: 2161293 cho 5 ngày qua...
2025-10-25 21:05:20,595 [INFO]    - Lấy dữ liệu thời tiết thành công.
2025-10-25 21:05:20,816 [INFO]      - Lấy dữ liệu chất lượng không khí thành công.
2025-10-25 21:05:20,818 [INFO]     -> Thành công. Đã xử lý trạm 2161293 (144 dòng).
2025-10-25 21:05:20,818 [INFO]   -> Đang xử lý vị trí trạm ID: 2161294 cho 5 ngày qua...
2025-10-25 21:05:20,991 [INFO]    - Lấy dữ liệu thời tiết thành công.
2025-10-25 21:05:21,211 [INFO]      - Lấy dữ liệu chất lượng không khí thành công.
2025-10-25 21:05:21,213 [INFO]     -> Thành công. Đã xử lý trạm 2161294 (144 dòng).
2025-10-25 21:05:21,213 [INFO]   -> Đang xử lý vị trí trạm ID: 2161295 cho 5 ngày qua...
2025-10-25 21:05:21,385 [INFO]    - Lấy dữ liệu thời tiết thành công.
2025-10-25 21:05:21,626 [INFO]      - Lấy dữ liệu chất lượng không khí thành công.
2025-10-25 21:05:21,627 [INFO]     -> Thành công. Đã xử lý trạm 2161295 (144 dòng).
2025-10-25 21:05:21,627 [INFO]   -> Đang xử lý vị trí trạm ID: 2161296 cho 5 ngày qua...
2025-10-25 21:05:21,801 [INFO]    - Lấy dữ liệu thời tiết thành công.
2025-10-25 21:05:22,033 [INFO]      - Lấy dữ liệu chất lượng không khí thành công.
2025-10-25 21:05:22,035 [INFO]     -> Thành công. Đã xử lý trạm 2161296 (144 dòng).
2025-10-25 21:05:22,035 [INFO]   -> Đang xử lý vị trí trạm ID: 2161298 cho 5 ngày qua...
2025-10-25 21:05:22,208 [INFO]    - Lấy dữ liệu thời tiết thành công.
2025-10-25 21:05:22,417 [INFO]      - Lấy dữ liệu chất lượng không khí thành công.
2025-10-25 21:05:22,419 [INFO]     -> Thành công. Đã xử lý trạm 2161298 (144 dòng).
2025-10-25 21:05:22,419 [INFO]   -> Đang xử lý vị trí trạm ID: 2161299 cho 5 ngày qua...
2025-10-25 21:05:22,594 [INFO]    - Lấy dữ liệu thời tiết thành công.
2025-10-25 21:05:22,812 [INFO]      - Lấy dữ liệu chất lượng không khí thành công.
2025-10-25 21:05:22,815 [INFO]     -> Thành công. Đã xử lý trạm 2161299 (144 dòng).
2025-10-25 21:05:22,815 [INFO]   -> Đang xử lý vị trí trạm ID: 2161300 cho 5 ngày qua...
2025-10-25 21:05:22,987 [INFO]    - Lấy dữ liệu thời tiết thành công.
2025-10-25 21:05:23,219 [INFO]      - Lấy dữ liệu chất lượng không khí thành công.
2025-10-25 21:05:23,221 [INFO]     -> Thành công. Đã xử lý trạm 2161300 (144 dòng).
2025-10-25 21:05:23,221 [INFO]   -> Đang xử lý vị trí trạm ID: 2161301 cho 5 ngày qua...
2025-10-25 21:05:23,392 [INFO]    - Lấy dữ liệu thời tiết thành công.
2025-10-25 21:05:23,637 [INFO]      - Lấy dữ liệu chất lượng không khí thành công.
2025-10-25 21:05:23,639 [INFO]     -> Thành công. Đã xử lý trạm 2161301 (144 dòng).
2025-10-25 21:05:23,640 [INFO]   -> Đang xử lý vị trí trạm ID: 2161303 cho 5 ngày qua...
2025-10-25 21:05:23,811 [INFO]    - Lấy dữ liệu thời tiết thành công.
2025-10-25 21:05:24,035 [INFO]      - Lấy dữ liệu chất lượng không khí thành công.
2025-10-25 21:05:24,037 [INFO]     -> Thành công. Đã xử lý trạm 2161303 (144 dòng).
2025-10-25 21:05:24,037 [INFO]   -> Đang xử lý vị trí trạm ID: 2161304 cho 5 ngày qua...
2025-10-25 21:05:24,211 [INFO]    - Lấy dữ liệu thời tiết thành công.
2025-10-25 21:05:24,439 [INFO]      - Lấy dữ liệu chất lượng không khí thành công.
2025-10-25 21:05:24,440 [INFO]     -> Thành công. Đã xử lý trạm 2161304 (144 dòng).
2025-10-25 21:05:24,441 [INFO]   -> Đang xử lý vị trí trạm ID: 2161306 cho 5 ngày qua...
2025-10-25 21:05:24,613 [INFO]    - Lấy dữ liệu thời tiết thành công.
2025-10-25 21:05:24,856 [INFO]      - Lấy dữ liệu chất lượng không khí thành công.
2025-10-25 21:05:24,857 [INFO]     -> Thành công. Đã xử lý trạm 2161306 (144 dòng).
2025-10-25 21:05:24,858 [INFO]   -> Đang xử lý vị trí trạm ID: 2161307 cho 5 ngày qua...
2025-10-25 21:05:25,030 [INFO]    - Lấy dữ liệu thời tiết thành công.
2025-10-25 21:05:25,248 [INFO]      - Lấy dữ liệu chất lượng không khí thành công.
2025-10-25 21:05:25,250 [INFO]     -> Thành công. Đã xử lý trạm 2161307 (144 dòng).
2025-10-25 21:05:25,250 [INFO]   -> Đang xử lý vị trí trạm ID: 2161308 cho 5 ngày qua...
2025-10-25 21:05:25,423 [INFO]    - Lấy dữ liệu thời tiết thành công.
2025-10-25 21:05:25,637 [INFO]      - Lấy dữ liệu chất lượng không khí thành công.
2025-10-25 21:05:25,638 [INFO]     -> Thành công. Đã xử lý trạm 2161308 (144 dòng).
2025-10-25 21:05:25,639 [INFO]   -> Đang xử lý vị trí trạm ID: 2161309 cho 5 ngày qua...
2025-10-25 21:05:25,811 [INFO]    - Lấy dữ liệu thời tiết thành công.
2025-10-25 21:05:26,048 [INFO]      - Lấy dữ liệu chất lượng không khí thành công.
2025-10-25 21:05:26,050 [INFO]     -> Thành công. Đã xử lý trạm 2161309 (144 dòng).
2025-10-25 21:05:26,050 [INFO]   -> Đang xử lý vị trí trạm ID: 2161313 cho 5 ngày qua...
2025-10-25 21:05:26,223 [INFO]    - Lấy dữ liệu thời tiết thành công.
2025-10-25 21:05:26,465 [INFO]      - Lấy dữ liệu chất lượng không khí thành công.
2025-10-25 21:05:26,466 [INFO]     -> Thành công. Đã xử lý trạm 2161313 (144 dòng).
2025-10-25 21:05:26,467 [INFO]   -> Đang xử lý vị trí trạm ID: 2161314 cho 5 ngày qua...
2025-10-25 21:05:26,638 [INFO]    - Lấy dữ liệu thời tiết thành công.
2025-10-25 21:05:26,854 [INFO]      - Lấy dữ liệu chất lượng không khí thành công.
2025-10-25 21:05:26,855 [INFO]     -> Thành công. Đã xử lý trạm 2161314 (144 dòng).
2025-10-25 21:05:26,855 [INFO]   -> Đang xử lý vị trí trạm ID: 2161315 cho 5 ngày qua...
2025-10-25 21:05:27,030 [INFO]    - Lấy dữ liệu thời tiết thành công.
2025-10-25 21:05:27,268 [INFO]      - Lấy dữ liệu chất lượng không khí thành công.
2025-10-25 21:05:27,269 [INFO]     -> Thành công. Đã xử lý trạm 2161315 (144 dòng).
2025-10-25 21:05:27,270 [INFO]   -> Đang xử lý vị trí trạm ID: 2161316 cho 5 ngày qua...
2025-10-25 21:05:27,443 [INFO]    - Lấy dữ liệu thời tiết thành công.
2025-10-25 21:05:27,686 [INFO]      - Lấy dữ liệu chất lượng không khí thành công.
2025-10-25 21:05:27,688 [INFO]     -> Thành công. Đã xử lý trạm 2161316 (144 dòng).
2025-10-25 21:05:27,688 [INFO]   -> Đang xử lý vị trí trạm ID: 2161318 cho 5 ngày qua...
2025-10-25 21:05:27,864 [INFO]    - Lấy dữ liệu thời tiết thành công.
2025-10-25 21:05:28,070 [INFO]      - Lấy dữ liệu chất lượng không khí thành công.
2025-10-25 21:05:28,071 [INFO]     -> Thành công. Đã xử lý trạm 2161318 (144 dòng).
2025-10-25 21:05:28,072 [INFO]   -> Đang xử lý vị trí trạm ID: 2161320 cho 5 ngày qua...
2025-10-25 21:05:28,244 [INFO]    - Lấy dữ liệu thời tiết thành công.
2025-10-25 21:05:28,470 [INFO]      - Lấy dữ liệu chất lượng không khí thành công.
2025-10-25 21:05:28,472 [INFO]     -> Thành công. Đã xử lý trạm 2161320 (144 dòng).
2025-10-25 21:05:28,472 [INFO]   -> Đang xử lý vị trí trạm ID: 2161321 cho 5 ngày qua...
2025-10-25 21:05:28,645 [INFO]    - Lấy dữ liệu thời tiết thành công.
2025-10-25 21:05:28,885 [INFO]      - Lấy dữ liệu chất lượng không khí thành công.
2025-10-25 21:05:28,887 [INFO]     -> Thành công. Đã xử lý trạm 2161321 (144 dòng).
2025-10-25 21:05:28,887 [INFO]   -> Đang xử lý vị trí trạm ID: 2161322 cho 5 ngày qua...
2025-10-25 21:05:29,059 [INFO]    - Lấy dữ liệu thời tiết thành công.
2025-10-25 21:05:29,288 [INFO]      - Lấy dữ liệu chất lượng không khí thành công.
2025-10-25 21:05:29,290 [INFO]     -> Thành công. Đã xử lý trạm 2161322 (144 dòng).
2025-10-25 21:05:29,290 [INFO]   -> Đang xử lý vị trí trạm ID: 4946811 cho 5 ngày qua...
2025-10-25 21:05:29,464 [INFO]    - Lấy dữ liệu thời tiết thành công.
2025-10-25 21:05:29,699 [INFO]      - Lấy dữ liệu chất lượng không khí thành công.
2025-10-25 21:05:29,702 [INFO]     -> Thành công. Đã xử lý trạm 4946811 (144 dòng).
2025-10-25 21:05:29,702 [INFO]   -> Đang xử lý vị trí trạm ID: 4946812 cho 5 ngày qua...
2025-10-25 21:05:29,873 [INFO]    - Lấy dữ liệu thời tiết thành công.
2025-10-25 21:05:30,109 [INFO]      - Lấy dữ liệu chất lượng không khí thành công.
2025-10-25 21:05:30,110 [INFO]     -> Thành công. Đã xử lý trạm 4946812 (144 dòng).
2025-10-25 21:05:30,110 [INFO]   -> Đang xử lý vị trí trạm ID: 4946813 cho 5 ngày qua...
2025-10-25 21:05:30,282 [INFO]    - Lấy dữ liệu thời tiết thành công.
2025-10-25 21:05:30,512 [INFO]      - Lấy dữ liệu chất lượng không khí thành công.
2025-10-25 21:05:30,513 [INFO]     -> Thành công. Đã xử lý trạm 4946813 (144 dòng).
2025-10-25 21:05:30,516 [INFO] Hoàn tất fetch_recent_data. Tổng cộng 4402 dòng được lấy về.
2025-10-25 21:05:30,516 [INFO] 
 [Bước 3/3] Đang ghi/cập nhật dữ liệu vào file CSV...
2025-10-25 21:05:30,521 [INFO] File 'C:\Users\trank\kiet\Open-Meteo-Dataset\pipelineDataViaSupabase\hanoi_realtime_data_updated.csv' đã tồn tại. Đang đọc dữ liệu cũ...
2025-10-25 21:05:30,549 [INFO] Đang loại bỏ các dòng trùng lặp, giữ lại dữ liệu mới nhất...
2025-10-25 21:05:30,551 [INFO] Đang sắp xếp lại dữ liệu...
2025-10-25 21:05:30,552 [INFO] Đang ghi 4402 dòng vào 'C:\Users\trank\kiet\Open-Meteo-Dataset\pipelineDataViaSupabase\hanoi_realtime_data_updated.csv'...
2025-10-25 21:05:30,630 [INFO] 
==================================================
2025-10-25 21:05:30,630 [INFO] KẾT THÚC ETL JOB. TỔNG THỜI GIAN: 13.90 GIÂY.
2025-10-25 21:05:30,631 [INFO]  -> Đã thêm thành công 0 bản ghi mới vào 'C:\Users\trank\kiet\Open-Meteo-Dataset\pipelineDataViaSupabase\hanoi_realtime_data_updated.csv'.
2025-10-25 21:05:30,631 [INFO] ==================================================
2025-10-30 13:18:00,647 [INFO] ==================================================
2025-10-30 13:18:00,647 [INFO] BẮT ĐẦU ETL PIPELINE (LƯU RA CSV) LÚC: 2025-10-30 13:18:00.647793
2025-10-30 13:18:00,648 [INFO] ==================================================
2025-10-30 13:18:00,648 [INFO] 
 [Bước 1/3] Đang đọc metadata từ 'C:\Users\trank\kiet\Open-Meteo-Dataset\pipelineDataViaSupabase\../stations_metadata.csv'...
2025-10-30 13:18:00,671 [INFO]  -> Đọc thành công thông tin của 31 trạm.
2025-10-30 13:18:00,671 [INFO] 
 [Bước 2/3] Đang lấy dữ liệu gần đây từ Open-Meteo...
2025-10-30 13:18:00,671 [INFO] Bắt đầu hàm fetch_recent_data...
2025-10-30 13:18:00,674 [INFO]   -> Đang xử lý vị trí trạm ID: 2539 cho 6 ngày qua...
2025-10-30 13:18:03,616 [INFO]    - Lấy dữ liệu thời tiết thành công.
2025-10-30 13:18:04,448 [INFO]      - Lấy dữ liệu chất lượng không khí thành công.
2025-10-30 13:18:04,480 [INFO]     -> Thành công. Đã xử lý trạm 2539 (168 dòng).
2025-10-30 13:18:04,480 [INFO]   -> Đang xử lý vị trí trạm ID: 7441 cho 6 ngày qua...
2025-10-30 13:18:04,652 [INFO]    - Lấy dữ liệu thời tiết thành công.
2025-10-30 13:18:04,854 [INFO]      - Lấy dữ liệu chất lượng không khí thành công.
2025-10-30 13:18:04,856 [INFO]     -> Thành công. Đã xử lý trạm 7441 (168 dòng).
2025-10-30 13:18:04,856 [INFO]   -> Đang xử lý vị trí trạm ID: 1285357 cho 6 ngày qua...
2025-10-30 13:18:05,031 [INFO]    - Lấy dữ liệu thời tiết thành công.
2025-10-30 13:18:05,233 [INFO]      - Lấy dữ liệu chất lượng không khí thành công.
2025-10-30 13:18:05,235 [INFO]     -> Thành công. Đã xử lý trạm 1285357 (168 dòng).
2025-10-30 13:18:05,237 [INFO]   -> Đang xử lý vị trí trạm ID: 2161290 cho 6 ngày qua...
2025-10-30 13:18:05,411 [INFO]    - Lấy dữ liệu thời tiết thành công.
2025-10-30 13:18:05,617 [INFO]      - Lấy dữ liệu chất lượng không khí thành công.
2025-10-30 13:18:05,619 [INFO]     -> Thành công. Đã xử lý trạm 2161290 (168 dòng).
2025-10-30 13:18:05,619 [INFO]   -> Đang xử lý vị trí trạm ID: 2161291 cho 6 ngày qua...
2025-10-30 13:18:05,794 [INFO]    - Lấy dữ liệu thời tiết thành công.
2025-10-30 13:18:05,996 [INFO]      - Lấy dữ liệu chất lượng không khí thành công.
2025-10-30 13:18:05,998 [INFO]     -> Thành công. Đã xử lý trạm 2161291 (168 dòng).
2025-10-30 13:18:05,999 [INFO]   -> Đang xử lý vị trí trạm ID: 2161292 cho 6 ngày qua...
2025-10-30 13:18:06,172 [INFO]    - Lấy dữ liệu thời tiết thành công.
2025-10-30 13:18:06,376 [INFO]      - Lấy dữ liệu chất lượng không khí thành công.
2025-10-30 13:18:06,379 [INFO]     -> Thành công. Đã xử lý trạm 2161292 (168 dòng).
2025-10-30 13:18:06,379 [INFO]   -> Đang xử lý vị trí trạm ID: 2161293 cho 6 ngày qua...
2025-10-30 13:18:06,571 [INFO]    - Lấy dữ liệu thời tiết thành công.
2025-10-30 13:18:06,773 [INFO]      - Lấy dữ liệu chất lượng không khí thành công.
2025-10-30 13:18:06,775 [INFO]     -> Thành công. Đã xử lý trạm 2161293 (168 dòng).
2025-10-30 13:18:06,775 [INFO]   -> Đang xử lý vị trí trạm ID: 2161294 cho 6 ngày qua...
2025-10-30 13:18:06,945 [INFO]    - Lấy dữ liệu thời tiết thành công.
2025-10-30 13:18:07,147 [INFO]      - Lấy dữ liệu chất lượng không khí thành công.
2025-10-30 13:18:07,149 [INFO]     -> Thành công. Đã xử lý trạm 2161294 (168 dòng).
2025-10-30 13:18:07,149 [INFO]   -> Đang xử lý vị trí trạm ID: 2161295 cho 6 ngày qua...
2025-10-30 13:18:07,322 [INFO]    - Lấy dữ liệu thời tiết thành công.
2025-10-30 13:18:07,525 [INFO]      - Lấy dữ liệu chất lượng không khí thành công.
2025-10-30 13:18:07,527 [INFO]     -> Thành công. Đã xử lý trạm 2161295 (168 dòng).
2025-10-30 13:18:07,527 [INFO]   -> Đang xử lý vị trí trạm ID: 2161296 cho 6 ngày qua...
2025-10-30 13:18:07,700 [INFO]    - Lấy dữ liệu thời tiết thành công.
2025-10-30 13:18:07,901 [INFO]      - Lấy dữ liệu chất lượng không khí thành công.
2025-10-30 13:18:07,904 [INFO]     -> Thành công. Đã xử lý trạm 2161296 (168 dòng).
2025-10-30 13:18:07,904 [INFO]   -> Đang xử lý vị trí trạm ID: 2161298 cho 6 ngày qua...
2025-10-30 13:18:08,076 [INFO]    - Lấy dữ liệu thời tiết thành công.
2025-10-30 13:18:08,279 [INFO]      - Lấy dữ liệu chất lượng không khí thành công.
2025-10-30 13:18:08,281 [INFO]     -> Thành công. Đã xử lý trạm 2161298 (168 dòng).
2025-10-30 13:18:08,281 [INFO]   -> Đang xử lý vị trí trạm ID: 2161299 cho 6 ngày qua...
2025-10-30 13:18:08,453 [INFO]    - Lấy dữ liệu thời tiết thành công.
2025-10-30 13:18:08,656 [INFO]      - Lấy dữ liệu chất lượng không khí thành công.
2025-10-30 13:18:08,658 [INFO]     -> Thành công. Đã xử lý trạm 2161299 (168 dòng).
2025-10-30 13:18:08,658 [INFO]   -> Đang xử lý vị trí trạm ID: 2161300 cho 6 ngày qua...
2025-10-30 13:18:08,830 [INFO]    - Lấy dữ liệu thời tiết thành công.
2025-10-30 13:18:09,033 [INFO]      - Lấy dữ liệu chất lượng không khí thành công.
2025-10-30 13:18:09,034 [INFO]     -> Thành công. Đã xử lý trạm 2161300 (168 dòng).
2025-10-30 13:18:09,034 [INFO]   -> Đang xử lý vị trí trạm ID: 2161301 cho 6 ngày qua...
2025-10-30 13:18:09,206 [INFO]    - Lấy dữ liệu thời tiết thành công.
2025-10-30 13:18:09,409 [INFO]      - Lấy dữ liệu chất lượng không khí thành công.
2025-10-30 13:18:09,411 [INFO]     -> Thành công. Đã xử lý trạm 2161301 (168 dòng).
2025-10-30 13:18:09,411 [INFO]   -> Đang xử lý vị trí trạm ID: 2161303 cho 6 ngày qua...
2025-10-30 13:18:09,585 [INFO]    - Lấy dữ liệu thời tiết thành công.
2025-10-30 13:18:09,787 [INFO]      - Lấy dữ liệu chất lượng không khí thành công.
2025-10-30 13:18:09,789 [INFO]     -> Thành công. Đã xử lý trạm 2161303 (168 dòng).
2025-10-30 13:18:09,789 [INFO]   -> Đang xử lý vị trí trạm ID: 2161304 cho 6 ngày qua...
2025-10-30 13:18:09,973 [INFO]    - Lấy dữ liệu thời tiết thành công.
2025-10-30 13:18:10,176 [INFO]      - Lấy dữ liệu chất lượng không khí thành công.
2025-10-30 13:18:10,178 [INFO]     -> Thành công. Đã xử lý trạm 2161304 (168 dòng).
2025-10-30 13:18:10,178 [INFO]   -> Đang xử lý vị trí trạm ID: 2161306 cho 6 ngày qua...
2025-10-30 13:18:10,349 [INFO]    - Lấy dữ liệu thời tiết thành công.
2025-10-30 13:18:10,552 [INFO]      - Lấy dữ liệu chất lượng không khí thành công.
2025-10-30 13:18:10,554 [INFO]     -> Thành công. Đã xử lý trạm 2161306 (168 dòng).
2025-10-30 13:18:10,555 [INFO]   -> Đang xử lý vị trí trạm ID: 2161307 cho 6 ngày qua...
2025-10-30 13:18:10,726 [INFO]    - Lấy dữ liệu thời tiết thành công.
2025-10-30 13:18:10,928 [INFO]      - Lấy dữ liệu chất lượng không khí thành công.
2025-10-30 13:18:10,930 [INFO]     -> Thành công. Đã xử lý trạm 2161307 (168 dòng).
2025-10-30 13:18:10,930 [INFO]   -> Đang xử lý vị trí trạm ID: 2161308 cho 6 ngày qua...
2025-10-30 13:18:11,101 [INFO]    - Lấy dữ liệu thời tiết thành công.
2025-10-30 13:18:11,303 [INFO]      - Lấy dữ liệu chất lượng không khí thành công.
2025-10-30 13:18:11,304 [INFO]     -> Thành công. Đã xử lý trạm 2161308 (168 dòng).
2025-10-30 13:18:11,305 [INFO]   -> Đang xử lý vị trí trạm ID: 2161309 cho 6 ngày qua...
2025-10-30 13:18:11,473 [INFO]    - Lấy dữ liệu thời tiết thành công.
2025-10-30 13:18:11,675 [INFO]      - Lấy dữ liệu chất lượng không khí thành công.
2025-10-30 13:18:11,677 [INFO]     -> Thành công. Đã xử lý trạm 2161309 (168 dòng).
2025-10-30 13:18:11,677 [INFO]   -> Đang xử lý vị trí trạm ID: 2161313 cho 6 ngày qua...
2025-10-30 13:18:11,848 [INFO]    - Lấy dữ liệu thời tiết thành công.
2025-10-30 13:18:12,050 [INFO]      - Lấy dữ liệu chất lượng không khí thành công.
2025-10-30 13:18:12,051 [INFO]     -> Thành công. Đã xử lý trạm 2161313 (168 dòng).
2025-10-30 13:18:12,051 [INFO]   -> Đang xử lý vị trí trạm ID: 2161314 cho 6 ngày qua...
2025-10-30 13:18:12,225 [INFO]    - Lấy dữ liệu thời tiết thành công.
2025-10-30 13:18:12,428 [INFO]      - Lấy dữ liệu chất lượng không khí thành công.
2025-10-30 13:18:12,430 [INFO]     -> Thành công. Đã xử lý trạm 2161314 (168 dòng).
2025-10-30 13:18:12,430 [INFO]   -> Đang xử lý vị trí trạm ID: 2161315 cho 6 ngày qua...
2025-10-30 13:18:12,602 [INFO]    - Lấy dữ liệu thời tiết thành công.
2025-10-30 13:18:12,804 [INFO]      - Lấy dữ liệu chất lượng không khí thành công.
2025-10-30 13:18:12,806 [INFO]     -> Thành công. Đã xử lý trạm 2161315 (168 dòng).
2025-10-30 13:18:12,806 [INFO]   -> Đang xử lý vị trí trạm ID: 2161316 cho 6 ngày qua...
2025-10-30 13:18:12,978 [INFO]    - Lấy dữ liệu thời tiết thành công.
2025-10-30 13:18:13,180 [INFO]      - Lấy dữ liệu chất lượng không khí thành công.
2025-10-30 13:18:13,182 [INFO]     -> Thành công. Đã xử lý trạm 2161316 (168 dòng).
2025-10-30 13:18:13,182 [INFO]   -> Đang xử lý vị trí trạm ID: 2161318 cho 6 ngày qua...
2025-10-30 13:18:13,354 [INFO]    - Lấy dữ liệu thời tiết thành công.
2025-10-30 13:18:13,556 [INFO]      - Lấy dữ liệu chất lượng không khí thành công.
2025-10-30 13:18:13,557 [INFO]     -> Thành công. Đã xử lý trạm 2161318 (168 dòng).
2025-10-30 13:18:13,557 [INFO]   -> Đang xử lý vị trí trạm ID: 2161320 cho 6 ngày qua...
2025-10-30 13:18:13,732 [INFO]    - Lấy dữ liệu thời tiết thành công.
2025-10-30 13:18:13,935 [INFO]      - Lấy dữ liệu chất lượng không khí thành công.
2025-10-30 13:18:13,937 [INFO]     -> Thành công. Đã xử lý trạm 2161320 (168 dòng).
2025-10-30 13:18:13,937 [INFO]   -> Đang xử lý vị trí trạm ID: 2161321 cho 6 ngày qua...
2025-10-30 13:18:14,109 [INFO]    - Lấy dữ liệu thời tiết thành công.
2025-10-30 13:18:14,313 [INFO]      - Lấy dữ liệu chất lượng không khí thành công.
2025-10-30 13:18:14,315 [INFO]     -> Thành công. Đã xử lý trạm 2161321 (168 dòng).
2025-10-30 13:18:14,315 [INFO]   -> Đang xử lý vị trí trạm ID: 2161322 cho 6 ngày qua...
2025-10-30 13:18:14,494 [INFO]    - Lấy dữ liệu thời tiết thành công.
2025-10-30 13:18:14,696 [INFO]      - Lấy dữ liệu chất lượng không khí thành công.
2025-10-30 13:18:14,697 [INFO]     -> Thành công. Đã xử lý trạm 2161322 (168 dòng).
2025-10-30 13:18:14,698 [INFO]   -> Đang xử lý vị trí trạm ID: 4946811 cho 6 ngày qua...
2025-10-30 13:18:14,869 [INFO]    - Lấy dữ liệu thời tiết thành công.
2025-10-30 13:18:15,070 [INFO]      - Lấy dữ liệu chất lượng không khí thành công.
2025-10-30 13:18:15,072 [INFO]     -> Thành công. Đã xử lý trạm 4946811 (168 dòng).
2025-10-30 13:18:15,072 [INFO]   -> Đang xử lý vị trí trạm ID: 4946812 cho 6 ngày qua...
2025-10-30 13:18:15,245 [INFO]    - Lấy dữ liệu thời tiết thành công.
2025-10-30 13:18:15,447 [INFO]      - Lấy dữ liệu chất lượng không khí thành công.
2025-10-30 13:18:15,447 [INFO]     -> Thành công. Đã xử lý trạm 4946812 (168 dòng).
2025-10-30 13:18:15,448 [INFO]   -> Đang xử lý vị trí trạm ID: 4946813 cho 6 ngày qua...
2025-10-30 13:18:15,621 [INFO]    - Lấy dữ liệu thời tiết thành công.
2025-10-30 13:18:15,822 [INFO]      - Lấy dữ liệu chất lượng không khí thành công.
2025-10-30 13:18:15,825 [INFO]     -> Thành công. Đã xử lý trạm 4946813 (168 dòng).
2025-10-30 13:18:15,831 [INFO] Hoàn tất fetch_recent_data. Tổng cộng 4898 dòng được lấy về.
2025-10-30 13:18:15,831 [INFO] 
 [Bước 3/3] Đang ghi/cập nhật dữ liệu vào file CSV...
2025-10-30 13:18:15,841 [INFO] File 'C:\Users\trank\kiet\Open-Meteo-Dataset\pipelineDataViaSupabase\hanoi_realtime_data_updated.csv' đã tồn tại. Đang đọc dữ liệu cũ...
2025-10-30 13:18:15,872 [INFO] Đang loại bỏ các dòng trùng lặp, giữ lại dữ liệu mới nhất...
2025-10-30 13:18:15,875 [INFO] Đang sắp xếp lại dữ liệu...
2025-10-30 13:18:15,879 [INFO] Đang ghi 7874 dòng vào 'C:\Users\trank\kiet\Open-Meteo-Dataset\pipelineDataViaSupabase\hanoi_realtime_data_updated.csv'...
2025-10-30 13:18:16,035 [INFO] 
==================================================
2025-10-30 13:18:16,035 [INFO] KẾT THÚC ETL JOB. TỔNG THỜI GIAN: 15.39 GIÂY.
2025-10-30 13:18:16,035 [INFO]  -> Đã thêm thành công 3472 bản ghi mới vào 'C:\Users\trank\kiet\Open-Meteo-Dataset\pipelineDataViaSupabase\hanoi_realtime_data_updated.csv'.
2025-10-30 13:18:16,036 [INFO] ==================================================
2025-11-03 20:05:18,165 [INFO] ==================================================
2025-11-03 20:05:18,165 [INFO] BẮT ĐẦU ETL PIPELINE (LƯU RA CSV) LÚC: 2025-11-03 20:05:18.165364
2025-11-03 20:05:18,165 [INFO] ==================================================
2025-11-03 20:05:18,165 [INFO] 
 [Bước 1/3] Đang đọc metadata từ 'C:\Users\trank\kiet\Open-Meteo-Dataset\pipelineDataViaSupabase\../stations_metadata.csv'...
2025-11-03 20:05:18,192 [INFO]  -> Đọc thành công thông tin của 31 trạm.
2025-11-03 20:05:18,193 [INFO] 
 [Bước 2/3] Đang lấy dữ liệu gần đây từ Open-Meteo...
2025-11-03 20:05:18,193 [INFO] Bắt đầu hàm fetch_recent_data...
2025-11-03 20:05:18,196 [INFO]   -> Đang xử lý vị trí trạm ID: 2539 cho 5 ngày qua...
2025-11-03 20:05:21,146 [INFO]    - Lấy dữ liệu thời tiết thành công.
2025-11-03 20:05:22,101 [INFO]      - Lấy dữ liệu chất lượng không khí thành công.
2025-11-03 20:05:22,134 [INFO]     -> Thành công. Đã xử lý trạm 2539 (144 dòng).
2025-11-03 20:05:22,134 [INFO]   -> Đang xử lý vị trí trạm ID: 7441 cho 5 ngày qua...
2025-11-03 20:05:22,304 [INFO]    - Lấy dữ liệu thời tiết thành công.
2025-11-03 20:05:22,511 [INFO]      - Lấy dữ liệu chất lượng không khí thành công.
2025-11-03 20:05:22,513 [INFO]     -> Thành công. Đã xử lý trạm 7441 (144 dòng).
2025-11-03 20:05:22,513 [INFO]   -> Đang xử lý vị trí trạm ID: 1285357 cho 5 ngày qua...
2025-11-03 20:05:22,682 [INFO]    - Lấy dữ liệu thời tiết thành công.
2025-11-03 20:05:22,906 [INFO]      - Lấy dữ liệu chất lượng không khí thành công.
2025-11-03 20:05:22,909 [INFO]     -> Thành công. Đã xử lý trạm 1285357 (144 dòng).
2025-11-03 20:05:22,909 [INFO]   -> Đang xử lý vị trí trạm ID: 2161290 cho 5 ngày qua...
2025-11-03 20:05:23,077 [INFO]    - Lấy dữ liệu thời tiết thành công.
2025-11-03 20:05:23,318 [INFO]      - Lấy dữ liệu chất lượng không khí thành công.
2025-11-03 20:05:23,319 [INFO]     -> Thành công. Đã xử lý trạm 2161290 (144 dòng).
2025-11-03 20:05:23,320 [INFO]   -> Đang xử lý vị trí trạm ID: 2161291 cho 5 ngày qua...
2025-11-03 20:05:23,489 [INFO]    - Lấy dữ liệu thời tiết thành công.
2025-11-03 20:05:23,731 [INFO]      - Lấy dữ liệu chất lượng không khí thành công.
2025-11-03 20:05:23,733 [INFO]     -> Thành công. Đã xử lý trạm 2161291 (144 dòng).
2025-11-03 20:05:23,733 [INFO]   -> Đang xử lý vị trí trạm ID: 2161292 cho 5 ngày qua...
2025-11-03 20:05:23,906 [INFO]    - Lấy dữ liệu thời tiết thành công.
2025-11-03 20:05:24,145 [INFO]      - Lấy dữ liệu chất lượng không khí thành công.
2025-11-03 20:05:24,147 [INFO]     -> Thành công. Đã xử lý trạm 2161292 (144 dòng).
2025-11-03 20:05:24,147 [INFO]   -> Đang xử lý vị trí trạm ID: 2161293 cho 5 ngày qua...
2025-11-03 20:05:24,319 [INFO]    - Lấy dữ liệu thời tiết thành công.
2025-11-03 20:05:24,559 [INFO]      - Lấy dữ liệu chất lượng không khí thành công.
2025-11-03 20:05:24,561 [INFO]     -> Thành công. Đã xử lý trạm 2161293 (144 dòng).
2025-11-03 20:05:24,561 [INFO]   -> Đang xử lý vị trí trạm ID: 2161294 cho 5 ngày qua...
2025-11-03 20:05:24,733 [INFO]    - Lấy dữ liệu thời tiết thành công.
2025-11-03 20:05:24,951 [INFO]      - Lấy dữ liệu chất lượng không khí thành công.
2025-11-03 20:05:24,953 [INFO]     -> Thành công. Đã xử lý trạm 2161294 (144 dòng).
2025-11-03 20:05:24,953 [INFO]   -> Đang xử lý vị trí trạm ID: 2161295 cho 5 ngày qua...
2025-11-03 20:05:25,124 [INFO]    - Lấy dữ liệu thời tiết thành công.
2025-11-03 20:05:25,362 [INFO]      - Lấy dữ liệu chất lượng không khí thành công.
2025-11-03 20:05:25,364 [INFO]     -> Thành công. Đã xử lý trạm 2161295 (144 dòng).
2025-11-03 20:05:25,365 [INFO]   -> Đang xử lý vị trí trạm ID: 2161296 cho 5 ngày qua...
2025-11-03 20:05:25,538 [INFO]    - Lấy dữ liệu thời tiết thành công.
2025-11-03 20:05:25,776 [INFO]      - Lấy dữ liệu chất lượng không khí thành công.
2025-11-03 20:05:25,778 [INFO]     -> Thành công. Đã xử lý trạm 2161296 (144 dòng).
2025-11-03 20:05:25,778 [INFO]   -> Đang xử lý vị trí trạm ID: 2161298 cho 5 ngày qua...
2025-11-03 20:05:25,946 [INFO]    - Lấy dữ liệu thời tiết thành công.
2025-11-03 20:05:26,163 [INFO]      - Lấy dữ liệu chất lượng không khí thành công.
2025-11-03 20:05:26,165 [INFO]     -> Thành công. Đã xử lý trạm 2161298 (144 dòng).
2025-11-03 20:05:26,166 [INFO]   -> Đang xử lý vị trí trạm ID: 2161299 cho 5 ngày qua...
2025-11-03 20:05:26,335 [INFO]    - Lấy dữ liệu thời tiết thành công.
2025-11-03 20:05:26,575 [INFO]      - Lấy dữ liệu chất lượng không khí thành công.
2025-11-03 20:05:26,576 [INFO]     -> Thành công. Đã xử lý trạm 2161299 (144 dòng).
2025-11-03 20:05:26,577 [INFO]   -> Đang xử lý vị trí trạm ID: 2161300 cho 5 ngày qua...
2025-11-03 20:05:26,748 [INFO]    - Lấy dữ liệu thời tiết thành công.
2025-11-03 20:05:26,975 [INFO]      - Lấy dữ liệu chất lượng không khí thành công.
2025-11-03 20:05:26,977 [INFO]     -> Thành công. Đã xử lý trạm 2161300 (144 dòng).
2025-11-03 20:05:26,977 [INFO]   -> Đang xử lý vị trí trạm ID: 2161301 cho 5 ngày qua...
2025-11-03 20:05:27,147 [INFO]    - Lấy dữ liệu thời tiết thành công.
2025-11-03 20:05:27,356 [INFO]      - Lấy dữ liệu chất lượng không khí thành công.
2025-11-03 20:05:27,359 [INFO]     -> Thành công. Đã xử lý trạm 2161301 (144 dòng).
2025-11-03 20:05:27,359 [INFO]   -> Đang xử lý vị trí trạm ID: 2161303 cho 5 ngày qua...
2025-11-03 20:05:27,527 [INFO]    - Lấy dữ liệu thời tiết thành công.
2025-11-03 20:05:27,762 [INFO]      - Lấy dữ liệu chất lượng không khí thành công.
2025-11-03 20:05:27,764 [INFO]     -> Thành công. Đã xử lý trạm 2161303 (144 dòng).
2025-11-03 20:05:27,764 [INFO]   -> Đang xử lý vị trí trạm ID: 2161304 cho 5 ngày qua...
2025-11-03 20:05:27,933 [INFO]    - Lấy dữ liệu thời tiết thành công.
2025-11-03 20:05:28,174 [INFO]      - Lấy dữ liệu chất lượng không khí thành công.
2025-11-03 20:05:28,176 [INFO]     -> Thành công. Đã xử lý trạm 2161304 (144 dòng).
2025-11-03 20:05:28,176 [INFO]   -> Đang xử lý vị trí trạm ID: 2161306 cho 5 ngày qua...
2025-11-03 20:05:28,345 [INFO]    - Lấy dữ liệu thời tiết thành công.
2025-11-03 20:05:28,553 [INFO]      - Lấy dữ liệu chất lượng không khí thành công.
2025-11-03 20:05:28,555 [INFO]     -> Thành công. Đã xử lý trạm 2161306 (144 dòng).
2025-11-03 20:05:28,555 [INFO]   -> Đang xử lý vị trí trạm ID: 2161307 cho 5 ngày qua...
2025-11-03 20:05:28,728 [INFO]    - Lấy dữ liệu thời tiết thành công.
2025-11-03 20:05:28,971 [INFO]      - Lấy dữ liệu chất lượng không khí thành công.
2025-11-03 20:05:28,974 [INFO]     -> Thành công. Đã xử lý trạm 2161307 (144 dòng).
2025-11-03 20:05:28,975 [INFO]   -> Đang xử lý vị trí trạm ID: 2161308 cho 5 ngày qua...
2025-11-03 20:05:29,145 [INFO]    - Lấy dữ liệu thời tiết thành công.
2025-11-03 20:05:29,376 [INFO]      - Lấy dữ liệu chất lượng không khí thành công.
2025-11-03 20:05:29,378 [INFO]     -> Thành công. Đã xử lý trạm 2161308 (144 dòng).
2025-11-03 20:05:29,378 [INFO]   -> Đang xử lý vị trí trạm ID: 2161309 cho 5 ngày qua...
2025-11-03 20:05:29,549 [INFO]    - Lấy dữ liệu thời tiết thành công.
2025-11-03 20:05:29,760 [INFO]      - Lấy dữ liệu chất lượng không khí thành công.
2025-11-03 20:05:29,763 [INFO]     -> Thành công. Đã xử lý trạm 2161309 (144 dòng).
2025-11-03 20:05:29,763 [INFO]   -> Đang xử lý vị trí trạm ID: 2161313 cho 5 ngày qua...
2025-11-03 20:05:29,935 [INFO]    - Lấy dữ liệu thời tiết thành công.
2025-11-03 20:05:30,178 [INFO]      - Lấy dữ liệu chất lượng không khí thành công.
2025-11-03 20:05:30,183 [INFO]     -> Thành công. Đã xử lý trạm 2161313 (144 dòng).
2025-11-03 20:05:30,199 [INFO]   -> Đang xử lý vị trí trạm ID: 2161314 cho 5 ngày qua...
2025-11-03 20:05:30,370 [INFO]    - Lấy dữ liệu thời tiết thành công.
2025-11-03 20:05:30,594 [INFO]      - Lấy dữ liệu chất lượng không khí thành công.
2025-11-03 20:05:30,596 [INFO]     -> Thành công. Đã xử lý trạm 2161314 (144 dòng).
2025-11-03 20:05:30,597 [INFO]   -> Đang xử lý vị trí trạm ID: 2161315 cho 5 ngày qua...
2025-11-03 20:05:30,774 [INFO]    - Lấy dữ liệu thời tiết thành công.
2025-11-03 20:05:31,015 [INFO]      - Lấy dữ liệu chất lượng không khí thành công.
2025-11-03 20:05:31,018 [INFO]     -> Thành công. Đã xử lý trạm 2161315 (144 dòng).
2025-11-03 20:05:31,019 [INFO]   -> Đang xử lý vị trí trạm ID: 2161316 cho 5 ngày qua...
2025-11-03 20:05:31,191 [INFO]    - Lấy dữ liệu thời tiết thành công.
2025-11-03 20:05:31,428 [INFO]      - Lấy dữ liệu chất lượng không khí thành công.
2025-11-03 20:05:31,430 [INFO]     -> Thành công. Đã xử lý trạm 2161316 (144 dòng).
2025-11-03 20:05:31,430 [INFO]   -> Đang xử lý vị trí trạm ID: 2161318 cho 5 ngày qua...
2025-11-03 20:05:31,606 [INFO]    - Lấy dữ liệu thời tiết thành công.
2025-11-03 20:05:31,826 [INFO]      - Lấy dữ liệu chất lượng không khí thành công.
2025-11-03 20:05:31,827 [INFO]     -> Thành công. Đã xử lý trạm 2161318 (144 dòng).
2025-11-03 20:05:31,828 [INFO]   -> Đang xử lý vị trí trạm ID: 2161320 cho 5 ngày qua...
2025-11-03 20:05:32,001 [INFO]    - Lấy dữ liệu thời tiết thành công.
2025-11-03 20:05:32,244 [INFO]      - Lấy dữ liệu chất lượng không khí thành công.
2025-11-03 20:05:32,246 [INFO]     -> Thành công. Đã xử lý trạm 2161320 (144 dòng).
2025-11-03 20:05:32,246 [INFO]   -> Đang xử lý vị trí trạm ID: 2161321 cho 5 ngày qua...
2025-11-03 20:05:32,417 [INFO]    - Lấy dữ liệu thời tiết thành công.
2025-11-03 20:05:32,635 [INFO]      - Lấy dữ liệu chất lượng không khí thành công.
2025-11-03 20:05:32,637 [INFO]     -> Thành công. Đã xử lý trạm 2161321 (144 dòng).
2025-11-03 20:05:32,637 [INFO]   -> Đang xử lý vị trí trạm ID: 2161322 cho 5 ngày qua...
2025-11-03 20:05:32,806 [INFO]    - Lấy dữ liệu thời tiết thành công.
2025-11-03 20:05:33,016 [INFO]      - Lấy dữ liệu chất lượng không khí thành công.
2025-11-03 20:05:33,017 [INFO]     -> Thành công. Đã xử lý trạm 2161322 (144 dòng).
2025-11-03 20:05:33,018 [INFO]   -> Đang xử lý vị trí trạm ID: 4946811 cho 5 ngày qua...
2025-11-03 20:05:33,190 [INFO]    - Lấy dữ liệu thời tiết thành công.
2025-11-03 20:05:33,420 [INFO]      - Lấy dữ liệu chất lượng không khí thành công.
2025-11-03 20:05:33,425 [INFO]     -> Thành công. Đã xử lý trạm 4946811 (144 dòng).
2025-11-03 20:05:33,426 [INFO]   -> Đang xử lý vị trí trạm ID: 4946812 cho 5 ngày qua...
2025-11-03 20:05:33,599 [INFO]    - Lấy dữ liệu thời tiết thành công.
2025-11-03 20:05:33,839 [INFO]      - Lấy dữ liệu chất lượng không khí thành công.
2025-11-03 20:05:33,842 [INFO]     -> Thành công. Đã xử lý trạm 4946812 (144 dòng).
2025-11-03 20:05:33,842 [INFO]   -> Đang xử lý vị trí trạm ID: 4946813 cho 5 ngày qua...
2025-11-03 20:05:34,010 [INFO]    - Lấy dữ liệu thời tiết thành công.
2025-11-03 20:05:34,239 [INFO]      - Lấy dữ liệu chất lượng không khí thành công.
2025-11-03 20:05:34,241 [INFO]     -> Thành công. Đã xử lý trạm 4946813 (144 dòng).
2025-11-03 20:05:34,251 [INFO] Hoàn tất fetch_recent_data. Tổng cộng 4371 dòng được lấy về.
2025-11-03 20:05:34,251 [INFO] 
 [Bước 3/3] Đang ghi/cập nhật dữ liệu vào file CSV...
2025-11-03 20:05:34,260 [INFO] File 'C:\Users\trank\kiet\Open-Meteo-Dataset\pipelineDataViaSupabase\hanoi_realtime_data_updated.csv' đã tồn tại. Đang đọc dữ liệu cũ...
2025-11-03 20:05:34,318 [INFO] Đang loại bỏ các dòng trùng lặp, giữ lại dữ liệu mới nhất...
2025-11-03 20:05:34,321 [INFO] Đang sắp xếp lại dữ liệu...
2025-11-03 20:05:34,325 [INFO] Đang ghi 11067 dòng vào 'C:\Users\trank\kiet\Open-Meteo-Dataset\pipelineDataViaSupabase\hanoi_realtime_data_updated.csv'...
2025-11-03 20:05:34,546 [INFO] 
==================================================
2025-11-03 20:05:34,546 [INFO] KẾT THÚC ETL JOB. TỔNG THỜI GIAN: 16.38 GIÂY.
2025-11-03 20:05:34,547 [INFO]  -> Đã thêm thành công 3193 bản ghi mới vào 'C:\Users\trank\kiet\Open-Meteo-Dataset\pipelineDataViaSupabase\hanoi_realtime_data_updated.csv'.
2025-11-03 20:05:34,547 [INFO] ==================================================
2025-11-10 21:31:52,875 [INFO] ==================================================
2025-11-10 21:31:52,876 [INFO] BẮT ĐẦU ETL PIPELINE (LƯU RA CSV) LÚC: 2025-11-10 21:31:52.875876
2025-11-10 21:31:52,876 [INFO] ==================================================
2025-11-10 21:31:52,876 [INFO] 
 [Bước 1/3] Đang đọc metadata từ 'C:\Users\trank\kiet\Open-Meteo-Dataset\pipelineDataViaSupabase\../stations_metadata.csv'...
2025-11-10 21:31:52,904 [INFO]  -> Đọc thành công thông tin của 31 trạm.
2025-11-10 21:31:52,904 [INFO] 
 [Bước 2/3] Đang lấy dữ liệu gần đây từ Open-Meteo...
2025-11-10 21:31:52,904 [INFO] Bắt đầu hàm fetch_recent_data...
2025-11-10 21:31:52,908 [INFO]   -> Đang xử lý vị trí trạm ID: 2539 cho 8 ngày qua...
2025-11-10 21:31:56,048 [INFO]    - Lấy dữ liệu thời tiết thành công.
2025-11-10 21:32:00,246 [INFO]      - Lấy dữ liệu chất lượng không khí thành công.
2025-11-10 21:32:00,283 [INFO]     -> Thành công. Đã xử lý trạm 2539 (216 dòng).
2025-11-10 21:32:00,283 [INFO]   -> Đang xử lý vị trí trạm ID: 7441 cho 8 ngày qua...
2025-11-10 21:32:00,453 [INFO]    - Lấy dữ liệu thời tiết thành công.
2025-11-10 21:32:00,694 [INFO]      - Lấy dữ liệu chất lượng không khí thành công.
2025-11-10 21:32:00,697 [INFO]     -> Thành công. Đã xử lý trạm 7441 (216 dòng).
2025-11-10 21:32:00,697 [INFO]   -> Đang xử lý vị trí trạm ID: 1285357 cho 8 ngày qua...
2025-11-10 21:32:00,893 [INFO]    - Lấy dữ liệu thời tiết thành công.
2025-11-10 21:32:01,133 [INFO]      - Lấy dữ liệu chất lượng không khí thành công.
2025-11-10 21:32:01,135 [INFO]     -> Thành công. Đã xử lý trạm 1285357 (216 dòng).
2025-11-10 21:32:01,135 [INFO]   -> Đang xử lý vị trí trạm ID: 2161290 cho 8 ngày qua...
2025-11-10 21:32:01,308 [INFO]    - Lấy dữ liệu thời tiết thành công.
2025-11-10 21:32:01,549 [INFO]      - Lấy dữ liệu chất lượng không khí thành công.
2025-11-10 21:32:01,551 [INFO]     -> Thành công. Đã xử lý trạm 2161290 (216 dòng).
2025-11-10 21:32:01,552 [INFO]   -> Đang xử lý vị trí trạm ID: 2161291 cho 8 ngày qua...
2025-11-10 21:32:01,722 [INFO]    - Lấy dữ liệu thời tiết thành công.
2025-11-10 21:32:01,963 [INFO]      - Lấy dữ liệu chất lượng không khí thành công.
2025-11-10 21:32:01,965 [INFO]     -> Thành công. Đã xử lý trạm 2161291 (216 dòng).
2025-11-10 21:32:01,965 [INFO]   -> Đang xử lý vị trí trạm ID: 2161292 cho 8 ngày qua...
2025-11-10 21:32:02,134 [INFO]    - Lấy dữ liệu thời tiết thành công.
2025-11-10 21:32:02,378 [INFO]      - Lấy dữ liệu chất lượng không khí thành công.
2025-11-10 21:32:02,380 [INFO]     -> Thành công. Đã xử lý trạm 2161292 (216 dòng).
2025-11-10 21:32:02,380 [INFO]   -> Đang xử lý vị trí trạm ID: 2161293 cho 8 ngày qua...
2025-11-10 21:32:02,551 [INFO]    - Lấy dữ liệu thời tiết thành công.
2025-11-10 21:32:02,793 [INFO]      - Lấy dữ liệu chất lượng không khí thành công.
2025-11-10 21:32:02,797 [INFO]     -> Thành công. Đã xử lý trạm 2161293 (216 dòng).
2025-11-10 21:32:02,798 [INFO]   -> Đang xử lý vị trí trạm ID: 2161294 cho 8 ngày qua...
2025-11-10 21:32:02,970 [INFO]    - Lấy dữ liệu thời tiết thành công.
2025-11-10 21:32:03,210 [INFO]      - Lấy dữ liệu chất lượng không khí thành công.
2025-11-10 21:32:03,212 [INFO]     -> Thành công. Đã xử lý trạm 2161294 (216 dòng).
2025-11-10 21:32:03,212 [INFO]   -> Đang xử lý vị trí trạm ID: 2161295 cho 8 ngày qua...
2025-11-10 21:32:03,380 [INFO]    - Lấy dữ liệu thời tiết thành công.
2025-11-10 21:32:03,620 [INFO]      - Lấy dữ liệu chất lượng không khí thành công.
2025-11-10 21:32:03,622 [INFO]     -> Thành công. Đã xử lý trạm 2161295 (216 dòng).
2025-11-10 21:32:03,623 [INFO]   -> Đang xử lý vị trí trạm ID: 2161296 cho 8 ngày qua...
2025-11-10 21:32:03,795 [INFO]    - Lấy dữ liệu thời tiết thành công.
2025-11-10 21:32:04,036 [INFO]      - Lấy dữ liệu chất lượng không khí thành công.
2025-11-10 21:32:04,039 [INFO]     -> Thành công. Đã xử lý trạm 2161296 (216 dòng).
2025-11-10 21:32:04,039 [INFO]   -> Đang xử lý vị trí trạm ID: 2161298 cho 8 ngày qua...
2025-11-10 21:32:04,209 [INFO]    - Lấy dữ liệu thời tiết thành công.
2025-11-10 21:32:04,487 [INFO]      - Lấy dữ liệu chất lượng không khí thành công.
2025-11-10 21:32:04,488 [INFO]     -> Thành công. Đã xử lý trạm 2161298 (216 dòng).
2025-11-10 21:32:04,489 [INFO]   -> Đang xử lý vị trí trạm ID: 2161299 cho 8 ngày qua...
2025-11-10 21:32:04,659 [INFO]    - Lấy dữ liệu thời tiết thành công.
2025-11-10 21:32:04,899 [INFO]      - Lấy dữ liệu chất lượng không khí thành công.
2025-11-10 21:32:04,901 [INFO]     -> Thành công. Đã xử lý trạm 2161299 (216 dòng).
2025-11-10 21:32:04,901 [INFO]   -> Đang xử lý vị trí trạm ID: 2161300 cho 8 ngày qua...
2025-11-10 21:32:05,072 [INFO]    - Lấy dữ liệu thời tiết thành công.
2025-11-10 21:32:05,313 [INFO]      - Lấy dữ liệu chất lượng không khí thành công.
2025-11-10 21:32:05,315 [INFO]     -> Thành công. Đã xử lý trạm 2161300 (216 dòng).
2025-11-10 21:32:05,315 [INFO]   -> Đang xử lý vị trí trạm ID: 2161301 cho 8 ngày qua...
2025-11-10 21:32:05,488 [INFO]    - Lấy dữ liệu thời tiết thành công.
2025-11-10 21:32:07,614 [INFO]      - Lấy dữ liệu chất lượng không khí thành công.
2025-11-10 21:32:07,617 [INFO]     -> Thành công. Đã xử lý trạm 2161301 (216 dòng).
2025-11-10 21:32:07,617 [INFO]   -> Đang xử lý vị trí trạm ID: 2161303 cho 8 ngày qua...
2025-11-10 21:32:07,790 [INFO]    - Lấy dữ liệu thời tiết thành công.
2025-11-10 21:32:08,035 [INFO]      - Lấy dữ liệu chất lượng không khí thành công.
2025-11-10 21:32:08,037 [INFO]     -> Thành công. Đã xử lý trạm 2161303 (216 dòng).
2025-11-10 21:32:08,038 [INFO]   -> Đang xử lý vị trí trạm ID: 2161304 cho 8 ngày qua...
2025-11-10 21:32:08,209 [INFO]    - Lấy dữ liệu thời tiết thành công.
2025-11-10 21:32:10,237 [INFO]      - Lấy dữ liệu chất lượng không khí thành công.
2025-11-10 21:32:10,239 [INFO]     -> Thành công. Đã xử lý trạm 2161304 (216 dòng).
2025-11-10 21:32:10,240 [INFO]   -> Đang xử lý vị trí trạm ID: 2161306 cho 8 ngày qua...
2025-11-10 21:32:10,411 [INFO]    - Lấy dữ liệu thời tiết thành công.
2025-11-10 21:32:10,654 [INFO]      - Lấy dữ liệu chất lượng không khí thành công.
2025-11-10 21:32:10,656 [INFO]     -> Thành công. Đã xử lý trạm 2161306 (216 dòng).
2025-11-10 21:32:10,656 [INFO]   -> Đang xử lý vị trí trạm ID: 2161307 cho 8 ngày qua...
2025-11-10 21:32:10,831 [INFO]    - Lấy dữ liệu thời tiết thành công.
2025-11-10 21:32:11,864 [INFO]      - Lấy dữ liệu chất lượng không khí thành công.
2025-11-10 21:32:11,868 [INFO]     -> Thành công. Đã xử lý trạm 2161307 (216 dòng).
2025-11-10 21:32:11,868 [INFO]   -> Đang xử lý vị trí trạm ID: 2161308 cho 8 ngày qua...
2025-11-10 21:32:12,039 [INFO]    - Lấy dữ liệu thời tiết thành công.
2025-11-10 21:32:12,283 [INFO]      - Lấy dữ liệu chất lượng không khí thành công.
2025-11-10 21:32:12,285 [INFO]     -> Thành công. Đã xử lý trạm 2161308 (216 dòng).
2025-11-10 21:32:12,285 [INFO]   -> Đang xử lý vị trí trạm ID: 2161309 cho 8 ngày qua...
2025-11-10 21:32:12,456 [INFO]    - Lấy dữ liệu thời tiết thành công.
2025-11-10 21:32:16,268 [INFO]      - Lấy dữ liệu chất lượng không khí thành công.
2025-11-10 21:32:16,271 [INFO]     -> Thành công. Đã xử lý trạm 2161309 (216 dòng).
2025-11-10 21:32:16,271 [INFO]   -> Đang xử lý vị trí trạm ID: 2161313 cho 8 ngày qua...
2025-11-10 21:32:16,442 [INFO]    - Lấy dữ liệu thời tiết thành công.
2025-11-10 21:32:16,889 [INFO]      - Lấy dữ liệu chất lượng không khí thành công.
2025-11-10 21:32:16,891 [INFO]     -> Thành công. Đã xử lý trạm 2161313 (216 dòng).
2025-11-10 21:32:16,891 [INFO]   -> Đang xử lý vị trí trạm ID: 2161314 cho 8 ngày qua...
2025-11-10 21:32:17,061 [INFO]    - Lấy dữ liệu thời tiết thành công.
2025-11-10 21:32:18,866 [INFO]      - Lấy dữ liệu chất lượng không khí thành công.
2025-11-10 21:32:18,873 [INFO]     -> Thành công. Đã xử lý trạm 2161314 (216 dòng).
2025-11-10 21:32:18,873 [INFO]   -> Đang xử lý vị trí trạm ID: 2161315 cho 8 ngày qua...
2025-11-10 21:32:19,047 [INFO]    - Lấy dữ liệu thời tiết thành công.
2025-11-10 21:32:19,274 [INFO]      - Lấy dữ liệu chất lượng không khí thành công.
2025-11-10 21:32:19,277 [INFO]     -> Thành công. Đã xử lý trạm 2161315 (216 dòng).
2025-11-10 21:32:19,277 [INFO]   -> Đang xử lý vị trí trạm ID: 2161316 cho 8 ngày qua...
2025-11-10 21:32:19,448 [INFO]    - Lấy dữ liệu thời tiết thành công.
2025-11-10 21:32:19,674 [INFO]      - Lấy dữ liệu chất lượng không khí thành công.
2025-11-10 21:32:19,676 [INFO]     -> Thành công. Đã xử lý trạm 2161316 (216 dòng).
2025-11-10 21:32:19,676 [INFO]   -> Đang xử lý vị trí trạm ID: 2161318 cho 8 ngày qua...
2025-11-10 21:32:19,845 [INFO]    - Lấy dữ liệu thời tiết thành công.
2025-11-10 21:32:20,760 [INFO]      - Lấy dữ liệu chất lượng không khí thành công.
2025-11-10 21:32:20,763 [INFO]     -> Thành công. Đã xử lý trạm 2161318 (216 dòng).
2025-11-10 21:32:20,763 [INFO]   -> Đang xử lý vị trí trạm ID: 2161320 cho 8 ngày qua...
2025-11-10 21:32:20,934 [INFO]    - Lấy dữ liệu thời tiết thành công.
2025-11-10 21:32:21,177 [INFO]      - Lấy dữ liệu chất lượng không khí thành công.
2025-11-10 21:32:21,180 [INFO]     -> Thành công. Đã xử lý trạm 2161320 (216 dòng).
2025-11-10 21:32:21,180 [INFO]   -> Đang xử lý vị trí trạm ID: 2161321 cho 8 ngày qua...
2025-11-10 21:32:21,354 [INFO]    - Lấy dữ liệu thời tiết thành công.
2025-11-10 21:32:21,596 [INFO]      - Lấy dữ liệu chất lượng không khí thành công.
2025-11-10 21:32:21,603 [INFO]     -> Thành công. Đã xử lý trạm 2161321 (216 dòng).
2025-11-10 21:32:21,603 [INFO]   -> Đang xử lý vị trí trạm ID: 2161322 cho 8 ngày qua...
2025-11-10 21:32:21,776 [INFO]    - Lấy dữ liệu thời tiết thành công.
2025-11-10 21:32:22,018 [INFO]      - Lấy dữ liệu chất lượng không khí thành công.
2025-11-10 21:32:22,020 [INFO]     -> Thành công. Đã xử lý trạm 2161322 (216 dòng).
2025-11-10 21:32:22,020 [INFO]   -> Đang xử lý vị trí trạm ID: 4946811 cho 8 ngày qua...
2025-11-10 21:32:22,193 [INFO]    - Lấy dữ liệu thời tiết thành công.
2025-11-10 21:32:22,433 [INFO]      - Lấy dữ liệu chất lượng không khí thành công.
2025-11-10 21:32:22,436 [INFO]     -> Thành công. Đã xử lý trạm 4946811 (216 dòng).
2025-11-10 21:32:22,436 [INFO]   -> Đang xử lý vị trí trạm ID: 4946812 cho 8 ngày qua...
2025-11-10 21:32:22,607 [INFO]    - Lấy dữ liệu thời tiết thành công.
2025-11-10 21:32:22,850 [INFO]      - Lấy dữ liệu chất lượng không khí thành công.
2025-11-10 21:32:22,853 [INFO]     -> Thành công. Đã xử lý trạm 4946812 (216 dòng).
2025-11-10 21:32:22,853 [INFO]   -> Đang xử lý vị trí trạm ID: 4946813 cho 8 ngày qua...
2025-11-10 21:32:23,026 [INFO]    - Lấy dữ liệu thời tiết thành công.
2025-11-10 21:32:23,269 [INFO]      - Lấy dữ liệu chất lượng không khí thành công.
2025-11-10 21:32:23,270 [INFO]     -> Thành công. Đã xử lý trạm 4946813 (216 dòng).
2025-11-10 21:32:23,278 [INFO] Hoàn tất fetch_recent_data. Tổng cộng 6634 dòng được lấy về.
2025-11-10 21:32:23,278 [INFO] 
 [Bước 3/3] Đang ghi/cập nhật dữ liệu vào file CSV...
2025-11-10 21:32:23,290 [INFO] File 'C:\Users\trank\kiet\Open-Meteo-Dataset\pipelineDataViaSupabase\hanoi_realtime_data_updated.csv' đã tồn tại. Đang đọc dữ liệu cũ...
2025-11-10 21:32:23,388 [INFO] Đang loại bỏ các dòng trùng lặp, giữ lại dữ liệu mới nhất...
2025-11-10 21:32:23,393 [INFO] Đang sắp xếp lại dữ liệu...
2025-11-10 21:32:23,398 [INFO] Đang ghi 16306 dòng vào 'C:\Users\trank\kiet\Open-Meteo-Dataset\pipelineDataViaSupabase\hanoi_realtime_data_updated.csv'...
2025-11-10 21:32:23,699 [INFO] 
==================================================
2025-11-10 21:32:23,699 [INFO] KẾT THÚC ETL JOB. TỔNG THỜI GIAN: 30.82 GIÂY.
2025-11-10 21:32:23,699 [INFO]  -> Đã thêm thành công 5239 bản ghi mới vào 'C:\Users\trank\kiet\Open-Meteo-Dataset\pipelineDataViaSupabase\hanoi_realtime_data_updated.csv'.
2025-11-10 21:32:23,699 [INFO] ==================================================
2025-11-17 23:01:22,707 [INFO] ==================================================
2025-11-17 23:01:22,707 [INFO] BẮT ĐẦU ETL PIPELINE (LƯU RA CSV) LÚC: 2025-11-17 23:01:22.707634
2025-11-17 23:01:22,707 [INFO] ==================================================
2025-11-17 23:01:22,707 [INFO] 
 [Bước 1/3] Đang đọc metadata từ '/home/kiet/gkinhere/air-quality-pipeline/air-quality-weather-meteo/Open-Meteo-Dataset/pipelineDataViaSupabase/../stations_metadata.csv'...
2025-11-17 23:01:22,709 [INFO]  -> Đọc thành công thông tin của 31 trạm.
2025-11-17 23:01:22,709 [INFO] 
 [Bước 2/3] Đang lấy dữ liệu gần đây từ Open-Meteo...
2025-11-17 23:01:22,709 [INFO] Bắt đầu hàm fetch_recent_data...
2025-11-17 23:01:22,710 [INFO]   -> Đang xử lý vị trí trạm ID: 2539 cho 8 ngày qua...
2025-11-17 23:01:23,546 [INFO]    - Lấy dữ liệu thời tiết thành công.
2025-11-17 23:01:24,759 [INFO]      - Lấy dữ liệu chất lượng không khí thành công.
2025-11-17 23:01:24,771 [INFO]     -> Thành công. Đã xử lý trạm 2539 (216 dòng).
2025-11-17 23:01:24,771 [INFO]   -> Đang xử lý vị trí trạm ID: 7441 cho 8 ngày qua...
2025-11-17 23:01:24,942 [INFO]    - Lấy dữ liệu thời tiết thành công.
2025-11-17 23:01:25,387 [INFO]      - Lấy dữ liệu chất lượng không khí thành công.
2025-11-17 23:01:25,388 [INFO]     -> Thành công. Đã xử lý trạm 7441 (216 dòng).
2025-11-17 23:01:25,389 [INFO]   -> Đang xử lý vị trí trạm ID: 1285357 cho 8 ngày qua...
2025-11-17 23:01:25,561 [INFO]    - Lấy dữ liệu thời tiết thành công.
2025-11-17 23:01:25,791 [INFO]      - Lấy dữ liệu chất lượng không khí thành công.
2025-11-17 23:01:25,792 [INFO]     -> Thành công. Đã xử lý trạm 1285357 (216 dòng).
2025-11-17 23:01:25,793 [INFO]   -> Đang xử lý vị trí trạm ID: 2161290 cho 8 ngày qua...
2025-11-17 23:01:25,988 [INFO]    - Lấy dữ liệu thời tiết thành công.
2025-11-17 23:01:26,397 [INFO]      - Lấy dữ liệu chất lượng không khí thành công.
2025-11-17 23:01:26,398 [INFO]     -> Thành công. Đã xử lý trạm 2161290 (216 dòng).
2025-11-17 23:01:26,405 [INFO]   -> Đang xử lý vị trí trạm ID: 2161291 cho 8 ngày qua...
2025-11-17 23:01:26,602 [INFO]    - Lấy dữ liệu thời tiết thành công.
2025-11-17 23:01:27,006 [INFO]      - Lấy dữ liệu chất lượng không khí thành công.
2025-11-17 23:01:27,008 [INFO]     -> Thành công. Đã xử lý trạm 2161291 (216 dòng).
2025-11-17 23:01:27,008 [INFO]   -> Đang xử lý vị trí trạm ID: 2161292 cho 8 ngày qua...
2025-11-17 23:01:27,216 [INFO]    - Lấy dữ liệu thời tiết thành công.
2025-11-17 23:01:27,626 [INFO]      - Lấy dữ liệu chất lượng không khí thành công.
2025-11-17 23:01:27,628 [INFO]     -> Thành công. Đã xử lý trạm 2161292 (216 dòng).
2025-11-17 23:01:27,628 [INFO]   -> Đang xử lý vị trí trạm ID: 2161293 cho 8 ngày qua...
2025-11-17 23:01:27,831 [INFO]    - Lấy dữ liệu thời tiết thành công.
2025-11-17 23:01:28,240 [INFO]      - Lấy dữ liệu chất lượng không khí thành công.
2025-11-17 23:01:28,242 [INFO]     -> Thành công. Đã xử lý trạm 2161293 (216 dòng).
2025-11-17 23:01:28,242 [INFO]   -> Đang xử lý vị trí trạm ID: 2161294 cho 8 ngày qua...
2025-11-17 23:01:28,445 [INFO]    - Lấy dữ liệu thời tiết thành công.
2025-11-17 23:01:28,822 [INFO]      - Lấy dữ liệu chất lượng không khí thành công.
2025-11-17 23:01:28,823 [INFO]     -> Thành công. Đã xử lý trạm 2161294 (216 dòng).
2025-11-17 23:01:28,824 [INFO]   -> Đang xử lý vị trí trạm ID: 2161295 cho 8 ngày qua...
2025-11-17 23:01:29,059 [INFO]    - Lấy dữ liệu thời tiết thành công.
2025-11-17 23:01:29,469 [INFO]      - Lấy dữ liệu chất lượng không khí thành công.
2025-11-17 23:01:29,470 [INFO]     -> Thành công. Đã xử lý trạm 2161295 (216 dòng).
2025-11-17 23:01:29,470 [INFO]   -> Đang xử lý vị trí trạm ID: 2161296 cho 8 ngày qua...
2025-11-17 23:01:29,673 [INFO]    - Lấy dữ liệu thời tiết thành công.
2025-11-17 23:01:29,903 [INFO]      - Lấy dữ liệu chất lượng không khí thành công.
2025-11-17 23:01:29,905 [INFO]     -> Thành công. Đã xử lý trạm 2161296 (216 dòng).
2025-11-17 23:01:29,905 [INFO]   -> Đang xử lý vị trí trạm ID: 2161298 cho 8 ngày qua...
2025-11-17 23:01:30,075 [INFO]    - Lấy dữ liệu thời tiết thành công.
2025-11-17 23:01:30,499 [INFO]      - Lấy dữ liệu chất lượng không khí thành công.
2025-11-17 23:01:30,500 [INFO]     -> Thành công. Đã xử lý trạm 2161298 (216 dòng).
2025-11-17 23:01:30,500 [INFO]   -> Đang xử lý vị trí trạm ID: 2161299 cho 8 ngày qua...
2025-11-17 23:01:30,698 [INFO]    - Lấy dữ liệu thời tiết thành công.
2025-11-17 23:01:31,062 [INFO]      - Lấy dữ liệu chất lượng không khí thành công.
2025-11-17 23:01:31,063 [INFO]     -> Thành công. Đã xử lý trạm 2161299 (216 dòng).
2025-11-17 23:01:31,063 [INFO]   -> Đang xử lý vị trí trạm ID: 2161300 cho 8 ngày qua...
2025-11-17 23:01:31,312 [INFO]    - Lấy dữ liệu thời tiết thành công.
2025-11-17 23:01:31,655 [INFO]      - Lấy dữ liệu chất lượng không khí thành công.
2025-11-17 23:01:31,656 [INFO]     -> Thành công. Đã xử lý trạm 2161300 (216 dòng).
2025-11-17 23:01:31,663 [INFO]   -> Đang xử lý vị trí trạm ID: 2161301 cho 8 ngày qua...
2025-11-17 23:01:31,927 [INFO]    - Lấy dữ liệu thời tiết thành công.
2025-11-17 23:01:32,162 [INFO]      - Lấy dữ liệu chất lượng không khí thành công.
2025-11-17 23:01:32,164 [INFO]     -> Thành công. Đã xử lý trạm 2161301 (216 dòng).
2025-11-17 23:01:32,164 [INFO]   -> Đang xử lý vị trí trạm ID: 2161303 cho 8 ngày qua...
2025-11-17 23:01:32,335 [INFO]    - Lấy dữ liệu thời tiết thành công.
2025-11-17 23:01:32,746 [INFO]      - Lấy dữ liệu chất lượng không khí thành công.
2025-11-17 23:01:32,747 [INFO]     -> Thành công. Đã xử lý trạm 2161303 (216 dòng).
2025-11-17 23:01:32,747 [INFO]   -> Đang xử lý vị trí trạm ID: 2161304 cho 8 ngày qua...
2025-11-17 23:01:32,951 [INFO]    - Lấy dữ liệu thời tiết thành công.
2025-11-17 23:01:33,360 [INFO]      - Lấy dữ liệu chất lượng không khí thành công.
2025-11-17 23:01:33,362 [INFO]     -> Thành công. Đã xử lý trạm 2161304 (216 dòng).
2025-11-17 23:01:33,362 [INFO]   -> Đang xử lý vị trí trạm ID: 2161306 cho 8 ngày qua...
2025-11-17 23:01:33,565 [INFO]    - Lấy dữ liệu thời tiết thành công.
2025-11-17 23:01:33,975 [INFO]      - Lấy dữ liệu chất lượng không khí thành công.
2025-11-17 23:01:33,977 [INFO]     -> Thành công. Đã xử lý trạm 2161306 (216 dòng).
2025-11-17 23:01:33,977 [INFO]   -> Đang xử lý vị trí trạm ID: 2161307 cho 8 ngày qua...
2025-11-17 23:01:34,179 [INFO]    - Lấy dữ liệu thời tiết thành công.
2025-11-17 23:01:34,574 [INFO]      - Lấy dữ liệu chất lượng không khí thành công.
2025-11-17 23:01:34,576 [INFO]     -> Thành công. Đã xử lý trạm 2161307 (216 dòng).
2025-11-17 23:01:34,576 [INFO]   -> Đang xử lý vị trí trạm ID: 2161308 cho 8 ngày qua...
2025-11-17 23:01:34,794 [INFO]    - Lấy dữ liệu thời tiết thành công.
2025-11-17 23:01:35,008 [INFO]      - Lấy dữ liệu chất lượng không khí thành công.
2025-11-17 23:01:35,009 [INFO]     -> Thành công. Đã xử lý trạm 2161308 (216 dòng).
2025-11-17 23:01:35,010 [INFO]   -> Đang xử lý vị trí trạm ID: 2161309 cho 8 ngày qua...
2025-11-17 23:01:35,203 [INFO]    - Lấy dữ liệu thời tiết thành công.
2025-11-17 23:01:35,421 [INFO]      - Lấy dữ liệu chất lượng không khí thành công.
2025-11-17 23:01:35,422 [INFO]     -> Thành công. Đã xử lý trạm 2161309 (216 dòng).
2025-11-17 23:01:35,422 [INFO]   -> Đang xử lý vị trí trạm ID: 2161313 cho 8 ngày qua...
2025-11-17 23:01:35,615 [INFO]    - Lấy dữ liệu thời tiết thành công.
2025-11-17 23:01:36,023 [INFO]      - Lấy dữ liệu chất lượng không khí thành công.
2025-11-17 23:01:36,024 [INFO]     -> Thành công. Đã xử lý trạm 2161313 (216 dòng).
2025-11-17 23:01:36,024 [INFO]   -> Đang xử lý vị trí trạm ID: 2161314 cho 8 ngày qua...
2025-11-17 23:01:36,230 [INFO]    - Lấy dữ liệu thời tiết thành công.
2025-11-17 23:01:36,576 [INFO]      - Lấy dữ liệu chất lượng không khí thành công.
2025-11-17 23:01:36,578 [INFO]     -> Thành công. Đã xử lý trạm 2161314 (216 dòng).
2025-11-17 23:01:36,578 [INFO]   -> Đang xử lý vị trí trạm ID: 2161315 cho 8 ngày qua...
2025-11-17 23:01:36,842 [INFO]    - Lấy dữ liệu thời tiết thành công.
2025-11-17 23:01:37,138 [INFO]      - Lấy dữ liệu chất lượng không khí thành công.
2025-11-17 23:01:37,139 [INFO]     -> Thành công. Đã xử lý trạm 2161315 (216 dòng).
2025-11-17 23:01:37,140 [INFO]   -> Đang xử lý vị trí trạm ID: 2161316 cho 8 ngày qua...
2025-11-17 23:01:37,456 [INFO]    - Lấy dữ liệu thời tiết thành công.
2025-11-17 23:01:37,674 [INFO]      - Lấy dữ liệu chất lượng không khí thành công.
2025-11-17 23:01:37,676 [INFO]     -> Thành công. Đã xử lý trạm 2161316 (216 dòng).
2025-11-17 23:01:37,676 [INFO]   -> Đang xử lý vị trí trạm ID: 2161318 cho 8 ngày qua...
2025-11-17 23:01:37,866 [INFO]    - Lấy dữ liệu thời tiết thành công.
2025-11-17 23:01:38,138 [INFO]      - Lấy dữ liệu chất lượng không khí thành công.
2025-11-17 23:01:38,140 [INFO]     -> Thành công. Đã xử lý trạm 2161318 (216 dòng).
2025-11-17 23:01:38,140 [INFO]   -> Đang xử lý vị trí trạm ID: 2161320 cho 8 ngày qua...
2025-11-17 23:01:38,480 [INFO]    - Lấy dữ liệu thời tiết thành công.
2025-11-17 23:01:38,890 [INFO]      - Lấy dữ liệu chất lượng không khí thành công.
2025-11-17 23:01:38,891 [INFO]     -> Thành công. Đã xử lý trạm 2161320 (216 dòng).
2025-11-17 23:01:38,891 [INFO]   -> Đang xử lý vị trí trạm ID: 2161321 cho 8 ngày qua...
2025-11-17 23:01:39,066 [INFO]    - Lấy dữ liệu thời tiết thành công.
2025-11-17 23:01:39,299 [INFO]      - Lấy dữ liệu chất lượng không khí thành công.
2025-11-17 23:01:39,301 [INFO]     -> Thành công. Đã xử lý trạm 2161321 (216 dòng).
2025-11-17 23:01:39,301 [INFO]   -> Đang xử lý vị trí trạm ID: 2161322 cho 8 ngày qua...
2025-11-17 23:01:39,498 [INFO]    - Lấy dữ liệu thời tiết thành công.
2025-11-17 23:01:39,708 [INFO]      - Lấy dữ liệu chất lượng không khí thành công.
2025-11-17 23:01:39,710 [INFO]     -> Thành công. Đã xử lý trạm 2161322 (216 dòng).
2025-11-17 23:01:39,710 [INFO]   -> Đang xử lý vị trí trạm ID: 4946811 cho 8 ngày qua...
2025-11-17 23:01:39,879 [INFO]    - Lấy dữ liệu thời tiết thành công.
2025-11-17 23:01:40,119 [INFO]      - Lấy dữ liệu chất lượng không khí thành công.
2025-11-17 23:01:40,120 [INFO]     -> Thành công. Đã xử lý trạm 4946811 (216 dòng).
2025-11-17 23:01:40,120 [INFO]   -> Đang xử lý vị trí trạm ID: 4946812 cho 8 ngày qua...
2025-11-17 23:01:40,324 [INFO]    - Lấy dữ liệu thời tiết thành công.
2025-11-17 23:01:40,734 [INFO]      - Lấy dữ liệu chất lượng không khí thành công.
2025-11-17 23:01:40,736 [INFO]     -> Thành công. Đã xử lý trạm 4946812 (216 dòng).
2025-11-17 23:01:40,736 [INFO]   -> Đang xử lý vị trí trạm ID: 4946813 cho 8 ngày qua...
2025-11-17 23:01:40,938 [INFO]    - Lấy dữ liệu thời tiết thành công.
2025-11-17 23:01:41,151 [INFO]      - Lấy dữ liệu chất lượng không khí thành công.
2025-11-17 23:01:41,152 [INFO]     -> Thành công. Đã xử lý trạm 4946813 (216 dòng).
2025-11-17 23:01:41,155 [INFO] Hoàn tất fetch_recent_data. Tổng cộng 6696 dòng được lấy về.
2025-11-17 23:01:41,155 [INFO] 
 [Bước 3/3] Đang ghi/cập nhật dữ liệu vào file CSV...
2025-11-17 23:01:41,161 [INFO] File '/home/kiet/gkinhere/air-quality-pipeline/air-quality-weather-meteo/Open-Meteo-Dataset/pipelineDataViaSupabase/hanoi_realtime_data_updated.csv' đã tồn tại. Đang đọc dữ liệu cũ...
2025-11-17 23:01:41,312 [INFO] Đang loại bỏ các dòng trùng lặp, giữ lại dữ liệu mới nhất...
2025-11-17 23:01:41,323 [INFO] Đang sắp xếp lại dữ liệu...
2025-11-17 23:01:41,326 [INFO] Đang ghi 21576 dòng vào '/home/kiet/gkinhere/air-quality-pipeline/air-quality-weather-meteo/Open-Meteo-Dataset/pipelineDataViaSupabase/hanoi_realtime_data_updated.csv'...
2025-11-17 23:01:41,753 [INFO] 
==================================================
2025-11-17 23:01:41,753 [INFO] KẾT THÚC ETL JOB. TỔNG THỜI GIAN: 19.05 GIÂY.
2025-11-17 23:01:41,753 [INFO]  -> Đã thêm thành công 5270 bản ghi mới vào '/home/kiet/gkinhere/air-quality-pipeline/air-quality-weather-meteo/Open-Meteo-Dataset/pipelineDataViaSupabase/hanoi_realtime_data_updated.csv'.
2025-11-17 23:01:41,753 [INFO] ==================================================
2025-11-21 21:19:58,613 [INFO] ==================================================
2025-11-21 21:19:58,614 [INFO] BẮT ĐẦU ETL PIPELINE (LƯU RA CSV) LÚC: 2025-11-21 21:19:58.613994
2025-11-21 21:19:58,614 [INFO] ==================================================
2025-11-21 21:19:58,614 [INFO] 
 [Bước 1/3] Đang đọc metadata từ '/home/kiet/gkinhere/air-quality-pipeline/air-quality-weather-meteo/Open-Meteo-Dataset/pipelineDataViaSupabase/../stations_metadata.csv'...
2025-11-21 21:19:58,616 [INFO]  -> Đọc thành công thông tin của 31 trạm.
2025-11-21 21:19:58,616 [INFO] 
 [Bước 2/3] Đang lấy dữ liệu gần đây từ Open-Meteo...
2025-11-21 21:19:58,616 [INFO] Bắt đầu hàm fetch_recent_data...
2025-11-21 21:19:58,617 [INFO]   -> Đang xử lý vị trí trạm ID: 2539 cho 5 ngày qua...
2025-11-21 21:19:59,427 [INFO]    - Lấy dữ liệu thời tiết thành công.
2025-11-21 21:20:00,433 [INFO]      - Lấy dữ liệu chất lượng không khí thành công.
2025-11-21 21:20:00,446 [INFO]     -> Thành công. Đã xử lý trạm 2539 (144 dòng).
2025-11-21 21:20:00,446 [INFO]   -> Đang xử lý vị trí trạm ID: 7441 cho 5 ngày qua...
2025-11-21 21:20:02,685 [INFO]    - Lấy dữ liệu thời tiết thành công.
2025-11-21 21:20:03,094 [INFO]      - Lấy dữ liệu chất lượng không khí thành công.
2025-11-21 21:20:03,096 [INFO]     -> Thành công. Đã xử lý trạm 7441 (144 dòng).
2025-11-21 21:20:03,096 [INFO]   -> Đang xử lý vị trí trạm ID: 1285357 cho 5 ngày qua...
2025-11-21 21:20:04,731 [INFO]    - Lấy dữ liệu thời tiết thành công.
2025-11-21 21:20:04,960 [INFO]      - Lấy dữ liệu chất lượng không khí thành công.
2025-11-21 21:20:04,961 [INFO]     -> Thành công. Đã xử lý trạm 1285357 (144 dòng).
2025-11-21 21:20:04,961 [INFO]   -> Đang xử lý vị trí trạm ID: 2161290 cho 5 ngày qua...
2025-11-21 21:20:05,550 [INFO]    - Lấy dữ liệu thời tiết thành công.
2025-11-21 21:20:05,959 [INFO]      - Lấy dữ liệu chất lượng không khí thành công.
2025-11-21 21:20:05,960 [INFO]     -> Thành công. Đã xử lý trạm 2161290 (144 dòng).
2025-11-21 21:20:05,961 [INFO]   -> Đang xử lý vị trí trạm ID: 2161291 cho 5 ngày qua...
2025-11-21 21:20:06,573 [INFO]    - Lấy dữ liệu thời tiết thành công.
2025-11-21 21:20:06,801 [INFO]      - Lấy dữ liệu chất lượng không khí thành công.
2025-11-21 21:20:06,802 [INFO]     -> Thành công. Đã xử lý trạm 2161291 (144 dòng).
2025-11-21 21:20:06,802 [INFO]   -> Đang xử lý vị trí trạm ID: 2161292 cho 5 ngày qua...
2025-11-21 21:20:06,982 [INFO]    - Lấy dữ liệu thời tiết thành công.
2025-11-21 21:20:07,392 [INFO]      - Lấy dữ liệu chất lượng không khí thành công.
2025-11-21 21:20:07,393 [INFO]     -> Thành công. Đã xử lý trạm 2161292 (144 dòng).
2025-11-21 21:20:07,393 [INFO]   -> Đang xử lý vị trí trạm ID: 2161293 cho 5 ngày qua...
2025-11-21 21:20:07,596 [INFO]    - Lấy dữ liệu thời tiết thành công.
2025-11-21 21:20:08,005 [INFO]      - Lấy dữ liệu chất lượng không khí thành công.
2025-11-21 21:20:08,007 [INFO]     -> Thành công. Đã xử lý trạm 2161293 (144 dòng).
2025-11-21 21:20:08,007 [INFO]   -> Đang xử lý vị trí trạm ID: 2161294 cho 5 ngày qua...
2025-11-21 21:20:08,210 [INFO]    - Lấy dữ liệu thời tiết thành công.
2025-11-21 21:20:08,619 [INFO]      - Lấy dữ liệu chất lượng không khí thành công.
2025-11-21 21:20:08,621 [INFO]     -> Thành công. Đã xử lý trạm 2161294 (144 dòng).
2025-11-21 21:20:08,621 [INFO]   -> Đang xử lý vị trí trạm ID: 2161295 cho 5 ngày qua...
2025-11-21 21:20:08,824 [INFO]    - Lấy dữ liệu thời tiết thành công.
2025-11-21 21:20:09,642 [INFO]      - Lấy dữ liệu chất lượng không khí thành công.
2025-11-21 21:20:09,644 [INFO]     -> Thành công. Đã xử lý trạm 2161295 (144 dòng).
2025-11-21 21:20:09,644 [INFO]   -> Đang xử lý vị trí trạm ID: 2161296 cho 5 ngày qua...
2025-11-21 21:20:09,847 [INFO]    - Lấy dữ liệu thời tiết thành công.
2025-11-21 21:20:11,484 [INFO]      - Lấy dữ liệu chất lượng không khí thành công.
2025-11-21 21:20:11,486 [INFO]     -> Thành công. Đã xử lý trạm 2161296 (144 dòng).
2025-11-21 21:20:11,486 [INFO]   -> Đang xử lý vị trí trạm ID: 2161298 cho 5 ngày qua...
2025-11-21 21:20:11,689 [INFO]    - Lấy dữ liệu thời tiết thành công.
2025-11-21 21:20:12,099 [INFO]      - Lấy dữ liệu chất lượng không khí thành công.
2025-11-21 21:20:12,100 [INFO]     -> Thành công. Đã xử lý trạm 2161298 (144 dòng).
2025-11-21 21:20:12,100 [INFO]   -> Đang xử lý vị trí trạm ID: 2161299 cho 5 ngày qua...
2025-11-21 21:20:12,303 [INFO]    - Lấy dữ liệu thời tiết thành công.
2025-11-21 21:20:12,712 [INFO]      - Lấy dữ liệu chất lượng không khí thành công.
2025-11-21 21:20:12,713 [INFO]     -> Thành công. Đã xử lý trạm 2161299 (144 dòng).
2025-11-21 21:20:12,714 [INFO]   -> Đang xử lý vị trí trạm ID: 2161300 cho 5 ngày qua...
2025-11-21 21:20:12,917 [INFO]    - Lấy dữ liệu thời tiết thành công.
2025-11-21 21:20:13,326 [INFO]      - Lấy dữ liệu chất lượng không khí thành công.
2025-11-21 21:20:13,328 [INFO]     -> Thành công. Đã xử lý trạm 2161300 (144 dòng).
2025-11-21 21:20:13,328 [INFO]   -> Đang xử lý vị trí trạm ID: 2161301 cho 5 ngày qua...
2025-11-21 21:20:13,531 [INFO]    - Lấy dữ liệu thời tiết thành công.
2025-11-21 21:20:13,941 [INFO]      - Lấy dữ liệu chất lượng không khí thành công.
2025-11-21 21:20:13,942 [INFO]     -> Thành công. Đã xử lý trạm 2161301 (144 dòng).
2025-11-21 21:20:13,942 [INFO]   -> Đang xử lý vị trí trạm ID: 2161303 cho 5 ngày qua...
2025-11-21 21:20:14,145 [INFO]    - Lấy dữ liệu thời tiết thành công.
2025-11-21 21:20:14,554 [INFO]      - Lấy dữ liệu chất lượng không khí thành công.
2025-11-21 21:20:14,555 [INFO]     -> Thành công. Đã xử lý trạm 2161303 (144 dòng).
2025-11-21 21:20:14,555 [INFO]   -> Đang xử lý vị trí trạm ID: 2161304 cho 5 ngày qua...
2025-11-21 21:20:14,759 [INFO]    - Lấy dữ liệu thời tiết thành công.
2025-11-21 21:20:15,172 [INFO]      - Lấy dữ liệu chất lượng không khí thành công.
2025-11-21 21:20:15,173 [INFO]     -> Thành công. Đã xử lý trạm 2161304 (144 dòng).
2025-11-21 21:20:15,174 [INFO]   -> Đang xử lý vị trí trạm ID: 2161306 cho 5 ngày qua...
2025-11-21 21:20:15,373 [INFO]    - Lấy dữ liệu thời tiết thành công.
2025-11-21 21:20:15,783 [INFO]      - Lấy dữ liệu chất lượng không khí thành công.
2025-11-21 21:20:15,785 [INFO]     -> Thành công. Đã xử lý trạm 2161306 (144 dòng).
2025-11-21 21:20:15,785 [INFO]   -> Đang xử lý vị trí trạm ID: 2161307 cho 5 ngày qua...
2025-11-21 21:20:15,987 [INFO]    - Lấy dữ liệu thời tiết thành công.
2025-11-21 21:20:16,396 [INFO]      - Lấy dữ liệu chất lượng không khí thành công.
2025-11-21 21:20:16,398 [INFO]     -> Thành công. Đã xử lý trạm 2161307 (144 dòng).
2025-11-21 21:20:16,398 [INFO]   -> Đang xử lý vị trí trạm ID: 2161308 cho 5 ngày qua...
2025-11-21 21:20:16,609 [INFO]    - Lấy dữ liệu thời tiết thành công.
2025-11-21 21:20:17,011 [INFO]      - Lấy dữ liệu chất lượng không khí thành công.
2025-11-21 21:20:17,012 [INFO]     -> Thành công. Đã xử lý trạm 2161308 (144 dòng).
2025-11-21 21:20:17,012 [INFO]   -> Đang xử lý vị trí trạm ID: 2161309 cho 5 ngày qua...
2025-11-21 21:20:17,215 [INFO]    - Lấy dữ liệu thời tiết thành công.
2025-11-21 21:20:17,624 [INFO]      - Lấy dữ liệu chất lượng không khí thành công.
2025-11-21 21:20:17,625 [INFO]     -> Thành công. Đã xử lý trạm 2161309 (144 dòng).
2025-11-21 21:20:17,626 [INFO]   -> Đang xử lý vị trí trạm ID: 2161313 cho 5 ngày qua...
2025-11-21 21:20:17,829 [INFO]    - Lấy dữ liệu thời tiết thành công.
2025-11-21 21:20:18,239 [INFO]      - Lấy dữ liệu chất lượng không khí thành công.
2025-11-21 21:20:18,240 [INFO]     -> Thành công. Đã xử lý trạm 2161313 (144 dòng).
2025-11-21 21:20:18,240 [INFO]   -> Đang xử lý vị trí trạm ID: 2161314 cho 5 ngày qua...
2025-11-21 21:20:18,443 [INFO]    - Lấy dữ liệu thời tiết thành công.
2025-11-21 21:20:18,852 [INFO]      - Lấy dữ liệu chất lượng không khí thành công.
2025-11-21 21:20:18,853 [INFO]     -> Thành công. Đã xử lý trạm 2161314 (144 dòng).
2025-11-21 21:20:18,854 [INFO]   -> Đang xử lý vị trí trạm ID: 2161315 cho 5 ngày qua...
2025-11-21 21:20:19,057 [INFO]    - Lấy dữ liệu thời tiết thành công.
2025-11-21 21:20:19,418 [INFO]      - Lấy dữ liệu chất lượng không khí thành công.
2025-11-21 21:20:19,420 [INFO]     -> Thành công. Đã xử lý trạm 2161315 (144 dòng).
2025-11-21 21:20:19,420 [INFO]   -> Đang xử lý vị trí trạm ID: 2161316 cho 5 ngày qua...
2025-11-21 21:20:19,671 [INFO]    - Lấy dữ liệu thời tiết thành công.
2025-11-21 21:20:20,080 [INFO]      - Lấy dữ liệu chất lượng không khí thành công.
2025-11-21 21:20:20,082 [INFO]     -> Thành công. Đã xử lý trạm 2161316 (144 dòng).
2025-11-21 21:20:20,082 [INFO]   -> Đang xử lý vị trí trạm ID: 2161318 cho 5 ngày qua...
2025-11-21 21:20:20,285 [INFO]    - Lấy dữ liệu thời tiết thành công.
2025-11-21 21:20:20,694 [INFO]      - Lấy dữ liệu chất lượng không khí thành công.
2025-11-21 21:20:20,695 [INFO]     -> Thành công. Đã xử lý trạm 2161318 (144 dòng).
2025-11-21 21:20:20,696 [INFO]   -> Đang xử lý vị trí trạm ID: 2161320 cho 5 ngày qua...
2025-11-21 21:20:20,899 [INFO]    - Lấy dữ liệu thời tiết thành công.
2025-11-21 21:20:22,331 [INFO]      - Lấy dữ liệu chất lượng không khí thành công.
2025-11-21 21:20:22,333 [INFO]     -> Thành công. Đã xử lý trạm 2161320 (144 dòng).
2025-11-21 21:20:22,333 [INFO]   -> Đang xử lý vị trí trạm ID: 2161321 cho 5 ngày qua...
2025-11-21 21:20:22,537 [INFO]    - Lấy dữ liệu thời tiết thành công.
2025-11-21 21:20:22,946 [INFO]      - Lấy dữ liệu chất lượng không khí thành công.
2025-11-21 21:20:22,947 [INFO]     -> Thành công. Đã xử lý trạm 2161321 (144 dòng).
2025-11-21 21:20:22,947 [INFO]   -> Đang xử lý vị trí trạm ID: 2161322 cho 5 ngày qua...
2025-11-21 21:20:23,151 [INFO]    - Lấy dữ liệu thời tiết thành công.
2025-11-21 21:20:23,560 [INFO]      - Lấy dữ liệu chất lượng không khí thành công.
2025-11-21 21:20:23,561 [INFO]     -> Thành công. Đã xử lý trạm 2161322 (144 dòng).
2025-11-21 21:20:23,561 [INFO]   -> Đang xử lý vị trí trạm ID: 4946811 cho 5 ngày qua...
2025-11-21 21:20:23,731 [INFO]    - Lấy dữ liệu thời tiết thành công.
2025-11-21 21:20:23,969 [INFO]      - Lấy dữ liệu chất lượng không khí thành công.
2025-11-21 21:20:23,971 [INFO]     -> Thành công. Đã xử lý trạm 4946811 (144 dòng).
2025-11-21 21:20:23,971 [INFO]   -> Đang xử lý vị trí trạm ID: 4946812 cho 5 ngày qua...
2025-11-21 21:20:24,174 [INFO]    - Lấy dữ liệu thời tiết thành công.
2025-11-21 21:20:24,584 [INFO]      - Lấy dữ liệu chất lượng không khí thành công.
2025-11-21 21:20:24,585 [INFO]     -> Thành công. Đã xử lý trạm 4946812 (144 dòng).
2025-11-21 21:20:24,585 [INFO]   -> Đang xử lý vị trí trạm ID: 4946813 cho 5 ngày qua...
2025-11-21 21:20:24,788 [INFO]    - Lấy dữ liệu thời tiết thành công.
2025-11-21 21:20:25,198 [INFO]      - Lấy dữ liệu chất lượng không khí thành công.
2025-11-21 21:20:25,199 [INFO]     -> Thành công. Đã xử lý trạm 4946813 (144 dòng).
2025-11-21 21:20:25,202 [INFO] Hoàn tất fetch_recent_data. Tổng cộng 4402 dòng được lấy về.
2025-11-21 21:20:25,202 [INFO] 
 [Bước 3/3] Đang ghi/cập nhật dữ liệu vào file CSV...
2025-11-21 21:20:25,206 [INFO] File '/home/kiet/gkinhere/air-quality-pipeline/air-quality-weather-meteo/Open-Meteo-Dataset/pipelineDataViaSupabase/hanoi_realtime_data_updated.csv' đã tồn tại. Đang đọc dữ liệu cũ...
2025-11-21 21:20:25,392 [INFO] Đang loại bỏ các dòng trùng lặp, giữ lại dữ liệu mới nhất...
2025-11-21 21:20:25,404 [INFO] Đang sắp xếp lại dữ liệu...
2025-11-21 21:20:25,407 [INFO] Đang ghi 24490 dòng vào '/home/kiet/gkinhere/air-quality-pipeline/air-quality-weather-meteo/Open-Meteo-Dataset/pipelineDataViaSupabase/hanoi_realtime_data_updated.csv'...
2025-11-21 21:20:25,836 [INFO] 
==================================================
2025-11-21 21:20:25,836 [INFO] KẾT THÚC ETL JOB. TỔNG THỜI GIAN: 27.22 GIÂY.
2025-11-21 21:20:25,836 [INFO]  -> Đã thêm thành công 2914 bản ghi mới vào '/home/kiet/gkinhere/air-quality-pipeline/air-quality-weather-meteo/Open-Meteo-Dataset/pipelineDataViaSupabase/hanoi_realtime_data_updated.csv'.
2025-11-21 21:20:25,836 [INFO] ==================================================
2025-11-26 21:09:00,967 [INFO] ==================================================
2025-11-26 21:09:00,968 [INFO] BẮT ĐẦU ETL PIPELINE (LƯU RA CSV) LÚC: 2025-11-26 21:09:00.968152
2025-11-26 21:09:00,968 [INFO] ==================================================
2025-11-26 21:09:00,968 [INFO] 
 [Bước 1/3] Đang đọc metadata từ '/home/kiet/gkinhere/air-quality-pipeline/air-quality-weather-meteo/Open-Meteo-Dataset/pipelineDataViaSupabase/../stations_metadata.csv'...
2025-11-26 21:09:00,970 [INFO]  -> Đọc thành công thông tin của 31 trạm.
2025-11-26 21:09:00,970 [INFO] 
 [Bước 2/3] Đang lấy dữ liệu gần đây từ Open-Meteo...
2025-11-26 21:09:00,970 [INFO] Bắt đầu hàm fetch_recent_data...
2025-11-26 21:09:00,971 [INFO]   -> Đang xử lý vị trí trạm ID: 2539 cho 5 ngày qua...
2025-11-26 21:09:01,916 [INFO]    - Lấy dữ liệu thời tiết thành công.
2025-11-26 21:09:03,358 [INFO]      - Lấy dữ liệu chất lượng không khí thành công.
2025-11-26 21:09:03,370 [INFO]     -> Thành công. Đã xử lý trạm 2539 (144 dòng).
2025-11-26 21:09:03,370 [INFO]   -> Đang xử lý vị trí trạm ID: 7441 cho 5 ngày qua...
2025-11-26 21:09:03,540 [INFO]    - Lấy dữ liệu thời tiết thành công.
2025-11-26 21:09:03,765 [INFO]      - Lấy dữ liệu chất lượng không khí thành công.
2025-11-26 21:09:03,767 [INFO]     -> Thành công. Đã xử lý trạm 7441 (144 dòng).
2025-11-26 21:09:03,767 [INFO]   -> Đang xử lý vị trí trạm ID: 1285357 cho 5 ngày qua...
2025-11-26 21:09:03,970 [INFO]    - Lấy dữ liệu thời tiết thành công.
2025-11-26 21:09:04,179 [INFO]      - Lấy dữ liệu chất lượng không khí thành công.
2025-11-26 21:09:04,181 [INFO]     -> Thành công. Đã xử lý trạm 1285357 (144 dòng).
2025-11-26 21:09:04,181 [INFO]   -> Đang xử lý vị trí trạm ID: 2161290 cho 5 ngày qua...
2025-11-26 21:09:04,379 [INFO]    - Lấy dữ liệu thời tiết thành công.
2025-11-26 21:09:04,586 [INFO]      - Lấy dữ liệu chất lượng không khí thành công.
2025-11-26 21:09:04,587 [INFO]     -> Thành công. Đã xử lý trạm 2161290 (144 dòng).
2025-11-26 21:09:04,588 [INFO]   -> Đang xử lý vị trí trạm ID: 2161291 cho 5 ngày qua...
2025-11-26 21:09:04,789 [INFO]    - Lấy dữ liệu thời tiết thành công.
2025-11-26 21:09:05,198 [INFO]      - Lấy dữ liệu chất lượng không khí thành công.
2025-11-26 21:09:05,200 [INFO]     -> Thành công. Đã xử lý trạm 2161291 (144 dòng).
2025-11-26 21:09:05,200 [INFO]   -> Đang xử lý vị trí trạm ID: 2161292 cho 5 ngày qua...
2025-11-26 21:09:05,372 [INFO]    - Lấy dữ liệu thời tiết thành công.
2025-11-26 21:09:05,607 [INFO]      - Lấy dữ liệu chất lượng không khí thành công.
2025-11-26 21:09:05,609 [INFO]     -> Thành công. Đã xử lý trạm 2161292 (144 dòng).
2025-11-26 21:09:05,609 [INFO]   -> Đang xử lý vị trí trạm ID: 2161293 cho 5 ngày qua...
2025-11-26 21:09:05,870 [INFO]    - Lấy dữ liệu thời tiết thành công.
2025-11-26 21:09:06,078 [INFO]      - Lấy dữ liệu chất lượng không khí thành công.
2025-11-26 21:09:06,080 [INFO]     -> Thành công. Đã xử lý trạm 2161293 (144 dòng).
2025-11-26 21:09:06,080 [INFO]   -> Đang xử lý vị trí trạm ID: 2161294 cho 5 ngày qua...
2025-11-26 21:09:06,427 [INFO]    - Lấy dữ liệu thời tiết thành công.
2025-11-26 21:09:06,635 [INFO]      - Lấy dữ liệu chất lượng không khí thành công.
2025-11-26 21:09:06,636 [INFO]     -> Thành công. Đã xử lý trạm 2161294 (144 dòng).
2025-11-26 21:09:06,636 [INFO]   -> Đang xử lý vị trí trạm ID: 2161295 cho 5 ngày qua...
2025-11-26 21:09:06,836 [INFO]    - Lấy dữ liệu thời tiết thành công.
2025-11-26 21:09:07,163 [INFO]      - Lấy dữ liệu chất lượng không khí thành công.
2025-11-26 21:09:07,165 [INFO]     -> Thành công. Đã xử lý trạm 2161295 (144 dòng).
2025-11-26 21:09:07,165 [INFO]   -> Đang xử lý vị trí trạm ID: 2161296 cho 5 ngày qua...
2025-11-26 21:09:07,354 [INFO]    - Lấy dữ liệu thời tiết thành công.
2025-11-26 21:09:07,561 [INFO]      - Lấy dữ liệu chất lượng không khí thành công.
2025-11-26 21:09:07,563 [INFO]     -> Thành công. Đã xử lý trạm 2161296 (144 dòng).
2025-11-26 21:09:07,563 [INFO]   -> Đang xử lý vị trí trạm ID: 2161298 cho 5 ngày qua...
2025-11-26 21:09:07,860 [INFO]    - Lấy dữ liệu thời tiết thành công.
2025-11-26 21:09:08,269 [INFO]      - Lấy dữ liệu chất lượng không khí thành công.
2025-11-26 21:09:08,271 [INFO]     -> Thành công. Đã xử lý trạm 2161298 (144 dòng).
2025-11-26 21:09:08,271 [INFO]   -> Đang xử lý vị trí trạm ID: 2161299 cho 5 ngày qua...
2025-11-26 21:09:08,475 [INFO]    - Lấy dữ liệu thời tiết thành công.
2025-11-26 21:09:08,681 [INFO]      - Lấy dữ liệu chất lượng không khí thành công.
2025-11-26 21:09:08,682 [INFO]     -> Thành công. Đã xử lý trạm 2161299 (144 dòng).
2025-11-26 21:09:08,683 [INFO]   -> Đang xử lý vị trí trạm ID: 2161300 cho 5 ngày qua...
2025-11-26 21:09:08,853 [INFO]    - Lấy dữ liệu thời tiết thành công.
2025-11-26 21:09:09,058 [INFO]      - Lấy dữ liệu chất lượng không khí thành công.
2025-11-26 21:09:09,060 [INFO]     -> Thành công. Đã xử lý trạm 2161300 (144 dòng).
2025-11-26 21:09:09,060 [INFO]   -> Đang xử lý vị trí trạm ID: 2161301 cho 5 ngày qua...
2025-11-26 21:09:09,293 [INFO]    - Lấy dữ liệu thời tiết thành công.
2025-11-26 21:09:09,499 [INFO]      - Lấy dữ liệu chất lượng không khí thành công.
2025-11-26 21:09:09,500 [INFO]     -> Thành công. Đã xử lý trạm 2161301 (144 dòng).
2025-11-26 21:09:09,500 [INFO]   -> Đang xử lý vị trí trạm ID: 2161303 cho 5 ngày qua...
2025-11-26 21:09:09,702 [INFO]    - Lấy dữ liệu thời tiết thành công.
2025-11-26 21:09:10,115 [INFO]      - Lấy dữ liệu chất lượng không khí thành công.
2025-11-26 21:09:10,117 [INFO]     -> Thành công. Đã xử lý trạm 2161303 (144 dòng).
2025-11-26 21:09:10,117 [INFO]   -> Đang xử lý vị trí trạm ID: 2161304 cho 5 ngày qua...
2025-11-26 21:09:10,319 [INFO]    - Lấy dữ liệu thời tiết thành công.
2025-11-26 21:09:10,726 [INFO]      - Lấy dữ liệu chất lượng không khí thành công.
2025-11-26 21:09:10,728 [INFO]     -> Thành công. Đã xử lý trạm 2161304 (144 dòng).
2025-11-26 21:09:10,728 [INFO]   -> Đang xử lý vị trí trạm ID: 2161306 cho 5 ngày qua...
2025-11-26 21:09:10,931 [INFO]    - Lấy dữ liệu thời tiết thành công.
2025-11-26 21:09:11,138 [INFO]      - Lấy dữ liệu chất lượng không khí thành công.
2025-11-26 21:09:11,140 [INFO]     -> Thành công. Đã xử lý trạm 2161306 (144 dòng).
2025-11-26 21:09:11,140 [INFO]   -> Đang xử lý vị trí trạm ID: 2161307 cho 5 ngày qua...
2025-11-26 21:09:11,343 [INFO]    - Lấy dữ liệu thời tiết thành công.
2025-11-26 21:09:11,641 [INFO]      - Lấy dữ liệu chất lượng không khí thành công.
2025-11-26 21:09:11,642 [INFO]     -> Thành công. Đã xử lý trạm 2161307 (144 dòng).
2025-11-26 21:09:11,642 [INFO]   -> Đang xử lý vị trí trạm ID: 2161308 cho 5 ngày qua...
2025-11-26 21:09:11,954 [INFO]    - Lấy dữ liệu thời tiết thành công.
2025-11-26 21:09:12,364 [INFO]      - Lấy dữ liệu chất lượng không khí thành công.
2025-11-26 21:09:12,366 [INFO]     -> Thành công. Đã xử lý trạm 2161308 (144 dòng).
2025-11-26 21:09:12,366 [INFO]   -> Đang xử lý vị trí trạm ID: 2161309 cho 5 ngày qua...
2025-11-26 21:09:12,569 [INFO]    - Lấy dữ liệu thời tiết thành công.
2025-11-26 21:09:12,978 [INFO]      - Lấy dữ liệu chất lượng không khí thành công.
2025-11-26 21:09:12,980 [INFO]     -> Thành công. Đã xử lý trạm 2161309 (144 dòng).
2025-11-26 21:09:12,980 [INFO]   -> Đang xử lý vị trí trạm ID: 2161313 cho 5 ngày qua...
2025-11-26 21:09:13,183 [INFO]    - Lấy dữ liệu thời tiết thành công.
2025-11-26 21:09:13,592 [INFO]      - Lấy dữ liệu chất lượng không khí thành công.
2025-11-26 21:09:13,594 [INFO]     -> Thành công. Đã xử lý trạm 2161313 (144 dòng).
2025-11-26 21:09:13,594 [INFO]   -> Đang xử lý vị trí trạm ID: 2161314 cho 5 ngày qua...
2025-11-26 21:09:13,781 [INFO]    - Lấy dữ liệu thời tiết thành công.
2025-11-26 21:09:14,002 [INFO]      - Lấy dữ liệu chất lượng không khí thành công.
2025-11-26 21:09:14,003 [INFO]     -> Thành công. Đã xử lý trạm 2161314 (144 dòng).
2025-11-26 21:09:14,003 [INFO]   -> Đang xử lý vị trí trạm ID: 2161315 cho 5 ngày qua...
2025-11-26 21:09:14,207 [INFO]    - Lấy dữ liệu thời tiết thành công.
2025-11-26 21:09:14,617 [INFO]      - Lấy dữ liệu chất lượng không khí thành công.
2025-11-26 21:09:14,618 [INFO]     -> Thành công. Đã xử lý trạm 2161315 (144 dòng).
2025-11-26 21:09:14,619 [INFO]   -> Đang xử lý vị trí trạm ID: 2161316 cho 5 ngày qua...
2025-11-26 21:09:14,821 [INFO]    - Lấy dữ liệu thời tiết thành công.
2025-11-26 21:09:15,230 [INFO]      - Lấy dữ liệu chất lượng không khí thành công.
2025-11-26 21:09:15,232 [INFO]     -> Thành công. Đã xử lý trạm 2161316 (144 dòng).
2025-11-26 21:09:15,238 [INFO]   -> Đang xử lý vị trí trạm ID: 2161318 cho 5 ngày qua...
2025-11-26 21:09:15,435 [INFO]    - Lấy dữ liệu thời tiết thành công.
2025-11-26 21:09:15,844 [INFO]      - Lấy dữ liệu chất lượng không khí thành công.
2025-11-26 21:09:15,846 [INFO]     -> Thành công. Đã xử lý trạm 2161318 (144 dòng).
2025-11-26 21:09:15,846 [INFO]   -> Đang xử lý vị trí trạm ID: 2161320 cho 5 ngày qua...
2025-11-26 21:09:16,015 [INFO]    - Lấy dữ liệu thời tiết thành công.
2025-11-26 21:09:16,222 [INFO]      - Lấy dữ liệu chất lượng không khí thành công.
2025-11-26 21:09:16,223 [INFO]     -> Thành công. Đã xử lý trạm 2161320 (144 dòng).
2025-11-26 21:09:16,223 [INFO]   -> Đang xử lý vị trí trạm ID: 2161321 cho 5 ngày qua...
2025-11-26 21:09:16,395 [INFO]    - Lấy dữ liệu thời tiết thành công.
2025-11-26 21:09:16,663 [INFO]      - Lấy dữ liệu chất lượng không khí thành công.
2025-11-26 21:09:16,665 [INFO]     -> Thành công. Đã xử lý trạm 2161321 (144 dòng).
2025-11-26 21:09:16,665 [INFO]   -> Đang xử lý vị trí trạm ID: 2161322 cho 5 ngày qua...
2025-11-26 21:09:16,868 [INFO]    - Lấy dữ liệu thời tiết thành công.
2025-11-26 21:09:17,278 [INFO]      - Lấy dữ liệu chất lượng không khí thành công.
2025-11-26 21:09:17,279 [INFO]     -> Thành công. Đã xử lý trạm 2161322 (144 dòng).
2025-11-26 21:09:17,279 [INFO]   -> Đang xử lý vị trí trạm ID: 4946811 cho 5 ngày qua...
2025-11-26 21:09:17,482 [INFO]    - Lấy dữ liệu thời tiết thành công.
2025-11-26 21:09:17,892 [INFO]      - Lấy dữ liệu chất lượng không khí thành công.
2025-11-26 21:09:17,893 [INFO]     -> Thành công. Đã xử lý trạm 4946811 (144 dòng).
2025-11-26 21:09:17,894 [INFO]   -> Đang xử lý vị trí trạm ID: 4946812 cho 5 ngày qua...
2025-11-26 21:09:18,063 [INFO]    - Lấy dữ liệu thời tiết thành công.
2025-11-26 21:09:18,301 [INFO]      - Lấy dữ liệu chất lượng không khí thành công.
2025-11-26 21:09:18,302 [INFO]     -> Thành công. Đã xử lý trạm 4946812 (144 dòng).
2025-11-26 21:09:18,303 [INFO]   -> Đang xử lý vị trí trạm ID: 4946813 cho 5 ngày qua...
2025-11-26 21:09:18,506 [INFO]    - Lấy dữ liệu thời tiết thành công.
2025-11-26 21:09:18,916 [INFO]      - Lấy dữ liệu chất lượng không khí thành công.
2025-11-26 21:09:18,917 [INFO]     -> Thành công. Đã xử lý trạm 4946813 (144 dòng).
2025-11-26 21:09:18,920 [INFO] Hoàn tất fetch_recent_data. Tổng cộng 4402 dòng được lấy về.
2025-11-26 21:09:18,920 [INFO] 
 [Bước 3/3] Đang ghi/cập nhật dữ liệu vào file CSV...
2025-11-26 21:09:18,925 [INFO] File '/home/kiet/gkinhere/air-quality-pipeline/air-quality-weather-meteo/Open-Meteo-Dataset/pipelineDataViaSupabase/hanoi_realtime_data_updated.csv' đã tồn tại. Đang đọc dữ liệu cũ...
2025-11-26 21:09:19,148 [INFO] Đang loại bỏ các dòng trùng lặp, giữ lại dữ liệu mới nhất...
2025-11-26 21:09:19,160 [INFO] Đang sắp xếp lại dữ liệu...
2025-11-26 21:09:19,164 [INFO] Đang ghi 28210 dòng vào '/home/kiet/gkinhere/air-quality-pipeline/air-quality-weather-meteo/Open-Meteo-Dataset/pipelineDataViaSupabase/hanoi_realtime_data_updated.csv'...
2025-11-26 21:09:19,694 [INFO] 
==================================================
2025-11-26 21:09:19,695 [INFO] KẾT THÚC ETL JOB. TỔNG THỜI GIAN: 18.73 GIÂY.
2025-11-26 21:09:19,695 [INFO]  -> Đã thêm thành công 3720 bản ghi mới vào '/home/kiet/gkinhere/air-quality-pipeline/air-quality-weather-meteo/Open-Meteo-Dataset/pipelineDataViaSupabase/hanoi_realtime_data_updated.csv'.
2025-11-26 21:09:19,695 [INFO] ==================================================
2025-11-29 12:12:49,873 [INFO] ==================================================
2025-11-29 12:12:49,873 [INFO] BẮT ĐẦU ETL PIPELINE (LƯU RA CSV) LÚC: 2025-11-29 12:12:49.873337
2025-11-29 12:12:49,873 [INFO] ==================================================
2025-11-29 12:12:49,873 [INFO] 
 [Bước 1/3] Đang đọc metadata từ '/home/kiet/gkinhere/air-quality-pipeline/air-quality-weather-meteo/Open-Meteo-Dataset/pipelineDataViaSupabase/../stations_metadata.csv'...
2025-11-29 12:12:49,876 [INFO]  -> Đọc thành công thông tin của 31 trạm.
2025-11-29 12:12:49,876 [INFO] 
 [Bước 2/3] Đang lấy dữ liệu gần đây từ Open-Meteo...
2025-11-29 12:12:49,876 [INFO] Bắt đầu hàm fetch_recent_data...
2025-11-29 12:12:49,878 [INFO]   -> Đang xử lý vị trí trạm ID: 2539 cho 5 ngày qua...
2025-11-29 12:12:51,065 [INFO]    - Lấy dữ liệu thời tiết thành công.
2025-11-29 12:12:52,485 [INFO]      - Lấy dữ liệu chất lượng không khí thành công.
2025-11-29 12:12:52,499 [INFO]     -> Thành công. Đã xử lý trạm 2539 (144 dòng).
2025-11-29 12:12:52,499 [INFO]   -> Đang xử lý vị trí trạm ID: 7441 cho 5 ngày qua...
2025-11-29 12:12:52,896 [INFO]    - Lấy dữ liệu thời tiết thành công.
2025-11-29 12:12:53,304 [INFO]      - Lấy dữ liệu chất lượng không khí thành công.
2025-11-29 12:12:53,307 [INFO]     -> Thành công. Đã xử lý trạm 7441 (144 dòng).
2025-11-29 12:12:53,308 [INFO]   -> Đang xử lý vị trí trạm ID: 1285357 cho 5 ngày qua...
2025-11-29 12:12:53,715 [INFO]    - Lấy dữ liệu thời tiết thành công.
2025-11-29 12:12:53,955 [INFO]      - Lấy dữ liệu chất lượng không khí thành công.
2025-11-29 12:12:53,957 [INFO]     -> Thành công. Đã xử lý trạm 1285357 (144 dòng).
2025-11-29 12:12:53,958 [INFO]   -> Đang xử lý vị trí trạm ID: 2161290 cho 5 ngày qua...
2025-11-29 12:12:54,336 [INFO]    - Lấy dữ liệu thời tiết thành công.
2025-11-29 12:12:54,576 [INFO]      - Lấy dữ liệu chất lượng không khí thành công.
2025-11-29 12:12:54,577 [INFO]     -> Thành công. Đã xử lý trạm 2161290 (144 dòng).
2025-11-29 12:12:54,585 [INFO]   -> Đang xử lý vị trí trạm ID: 2161291 cho 5 ngày qua...
2025-11-29 12:12:54,944 [INFO]    - Lấy dữ liệu thời tiết thành công.
2025-11-29 12:12:55,361 [INFO]      - Lấy dữ liệu chất lượng không khí thành công.
2025-11-29 12:12:55,363 [INFO]     -> Thành công. Đã xử lý trạm 2161291 (144 dòng).
2025-11-29 12:12:55,363 [INFO]   -> Đang xử lý vị trí trạm ID: 2161292 cho 5 ngày qua...
2025-11-29 12:12:56,173 [INFO]    - Lấy dữ liệu thời tiết thành công.
2025-11-29 12:12:56,798 [INFO]      - Lấy dữ liệu chất lượng không khí thành công.
2025-11-29 12:12:56,800 [INFO]     -> Thành công. Đã xử lý trạm 2161292 (144 dòng).
2025-11-29 12:12:56,800 [INFO]   -> Đang xử lý vị trí trạm ID: 2161293 cho 5 ngày qua...
2025-11-29 12:12:57,043 [INFO]    - Lấy dữ liệu thời tiết thành công.
2025-11-29 12:12:57,264 [INFO]      - Lấy dữ liệu chất lượng không khí thành công.
2025-11-29 12:12:57,267 [INFO]     -> Thành công. Đã xử lý trạm 2161293 (144 dòng).
2025-11-29 12:12:57,267 [INFO]   -> Đang xử lý vị trí trạm ID: 2161294 cho 5 ngày qua...
2025-11-29 12:12:57,606 [INFO]    - Lấy dữ liệu thời tiết thành công.
2025-11-29 12:12:57,829 [INFO]      - Lấy dữ liệu chất lượng không khí thành công.
2025-11-29 12:12:57,832 [INFO]     -> Thành công. Đã xử lý trạm 2161294 (144 dòng).
2025-11-29 12:12:57,832 [INFO]   -> Đang xử lý vị trí trạm ID: 2161295 cho 5 ngày qua...
2025-11-29 12:12:58,220 [INFO]    - Lấy dữ liệu thời tiết thành công.
2025-11-29 12:12:58,629 [INFO]      - Lấy dữ liệu chất lượng không khí thành công.
2025-11-29 12:12:58,631 [INFO]     -> Thành công. Đã xử lý trạm 2161295 (144 dòng).
2025-11-29 12:12:58,631 [INFO]   -> Đang xử lý vị trí trạm ID: 2161296 cho 5 ngày qua...
2025-11-29 12:12:59,039 [INFO]    - Lấy dữ liệu thời tiết thành công.
2025-11-29 12:12:59,449 [INFO]      - Lấy dữ liệu chất lượng không khí thành công.
2025-11-29 12:12:59,452 [INFO]     -> Thành công. Đã xử lý trạm 2161296 (144 dòng).
2025-11-29 12:12:59,452 [INFO]   -> Đang xử lý vị trí trạm ID: 2161298 cho 5 ngày qua...
2025-11-29 12:12:59,858 [INFO]    - Lấy dữ liệu thời tiết thành công.
2025-11-29 12:13:00,268 [INFO]      - Lấy dữ liệu chất lượng không khí thành công.
2025-11-29 12:13:00,270 [INFO]     -> Thành công. Đã xử lý trạm 2161298 (144 dòng).
2025-11-29 12:13:00,270 [INFO]   -> Đang xử lý vị trí trạm ID: 2161299 cho 5 ngày qua...
2025-11-29 12:13:00,678 [INFO]    - Lấy dữ liệu thời tiết thành công.
2025-11-29 12:13:01,087 [INFO]      - Lấy dữ liệu chất lượng không khí thành công.
2025-11-29 12:13:01,089 [INFO]     -> Thành công. Đã xử lý trạm 2161299 (144 dòng).
2025-11-29 12:13:01,089 [INFO]   -> Đang xử lý vị trí trạm ID: 2161300 cho 5 ngày qua...
2025-11-29 12:13:01,499 [INFO]    - Lấy dữ liệu thời tiết thành công.
2025-11-29 12:13:01,778 [INFO]      - Lấy dữ liệu chất lượng không khí thành công.
2025-11-29 12:13:01,781 [INFO]     -> Thành công. Đã xử lý trạm 2161300 (144 dòng).
2025-11-29 12:13:01,781 [INFO]   -> Đang xử lý vị trí trạm ID: 2161301 cho 5 ngày qua...
2025-11-29 12:13:02,112 [INFO]    - Lấy dữ liệu thời tiết thành công.
2025-11-29 12:13:02,521 [INFO]      - Lấy dữ liệu chất lượng không khí thành công.
2025-11-29 12:13:02,524 [INFO]     -> Thành công. Đã xử lý trạm 2161301 (144 dòng).
2025-11-29 12:13:02,525 [INFO]   -> Đang xử lý vị trí trạm ID: 2161303 cho 5 ngày qua...
2025-11-29 12:13:02,932 [INFO]    - Lấy dữ liệu thời tiết thành công.
2025-11-29 12:13:03,340 [INFO]      - Lấy dữ liệu chất lượng không khí thành công.
2025-11-29 12:13:03,343 [INFO]     -> Thành công. Đã xử lý trạm 2161303 (144 dòng).
2025-11-29 12:13:03,343 [INFO]   -> Đang xử lý vị trí trạm ID: 2161304 cho 5 ngày qua...
2025-11-29 12:13:03,586 [INFO]    - Lấy dữ liệu thời tiết thành công.
2025-11-29 12:13:03,842 [INFO]      - Lấy dữ liệu chất lượng không khí thành công.
2025-11-29 12:13:03,844 [INFO]     -> Thành công. Đã xử lý trạm 2161304 (144 dòng).
2025-11-29 12:13:03,844 [INFO]   -> Đang xử lý vị trí trạm ID: 2161306 cho 5 ngày qua...
2025-11-29 12:13:04,088 [INFO]    - Lấy dữ liệu thời tiết thành công.
2025-11-29 12:13:04,363 [INFO]      - Lấy dữ liệu chất lượng không khí thành công.
2025-11-29 12:13:04,366 [INFO]     -> Thành công. Đã xử lý trạm 2161306 (144 dòng).
2025-11-29 12:13:04,366 [INFO]   -> Đang xử lý vị trí trạm ID: 2161307 cho 5 ngày qua...
2025-11-29 12:13:04,774 [INFO]    - Lấy dữ liệu thời tiết thành công.
2025-11-29 12:13:05,192 [INFO]      - Lấy dữ liệu chất lượng không khí thành công.
2025-11-29 12:13:05,193 [INFO]     -> Thành công. Đã xử lý trạm 2161307 (144 dòng).
2025-11-29 12:13:05,200 [INFO]   -> Đang xử lý vị trí trạm ID: 2161308 cho 5 ngày qua...
2025-11-29 12:13:05,593 [INFO]    - Lấy dữ liệu thời tiết thành công.
2025-11-29 12:13:06,003 [INFO]      - Lấy dữ liệu chất lượng không khí thành công.
2025-11-29 12:13:06,005 [INFO]     -> Thành công. Đã xử lý trạm 2161308 (144 dòng).
2025-11-29 12:13:06,005 [INFO]   -> Đang xử lý vị trí trạm ID: 2161309 cho 5 ngày qua...
2025-11-29 12:13:06,413 [INFO]    - Lấy dữ liệu thời tiết thành công.
2025-11-29 12:13:06,822 [INFO]      - Lấy dữ liệu chất lượng không khí thành công.
2025-11-29 12:13:06,825 [INFO]     -> Thành công. Đã xử lý trạm 2161309 (144 dòng).
2025-11-29 12:13:06,825 [INFO]   -> Đang xử lý vị trí trạm ID: 2161313 cho 5 ngày qua...
2025-11-29 12:13:07,233 [INFO]    - Lấy dữ liệu thời tiết thành công.
2025-11-29 12:13:07,642 [INFO]      - Lấy dữ liệu chất lượng không khí thành công.
2025-11-29 12:13:07,644 [INFO]     -> Thành công. Đã xử lý trạm 2161313 (144 dòng).
2025-11-29 12:13:07,645 [INFO]   -> Đang xử lý vị trí trạm ID: 2161314 cho 5 ngày qua...
2025-11-29 12:13:08,052 [INFO]    - Lấy dữ liệu thời tiết thành công.
2025-11-29 12:13:08,460 [INFO]      - Lấy dữ liệu chất lượng không khí thành công.
2025-11-29 12:13:08,462 [INFO]     -> Thành công. Đã xử lý trạm 2161314 (144 dòng).
2025-11-29 12:13:08,463 [INFO]   -> Đang xử lý vị trí trạm ID: 2161315 cho 5 ngày qua...
2025-11-29 12:13:08,709 [INFO]    - Lấy dữ liệu thời tiết thành công.
2025-11-29 12:13:09,075 [INFO]      - Lấy dữ liệu chất lượng không khí thành công.
2025-11-29 12:13:09,077 [INFO]     -> Thành công. Đã xử lý trạm 2161315 (144 dòng).
2025-11-29 12:13:09,077 [INFO]   -> Đang xử lý vị trí trạm ID: 2161316 cho 5 ngày qua...
2025-11-29 12:13:09,485 [INFO]    - Lấy dữ liệu thời tiết thành công.
2025-11-29 12:13:09,896 [INFO]      - Lấy dữ liệu chất lượng không khí thành công.
2025-11-29 12:13:09,898 [INFO]     -> Thành công. Đã xử lý trạm 2161316 (144 dòng).
2025-11-29 12:13:09,898 [INFO]   -> Đang xử lý vị trí trạm ID: 2161318 cho 5 ngày qua...
2025-11-29 12:13:10,304 [INFO]    - Lấy dữ liệu thời tiết thành công.
2025-11-29 12:13:10,546 [INFO]      - Lấy dữ liệu chất lượng không khí thành công.
2025-11-29 12:13:10,548 [INFO]     -> Thành công. Đã xử lý trạm 2161318 (144 dòng).
2025-11-29 12:13:10,548 [INFO]   -> Đang xử lý vị trí trạm ID: 2161320 cho 5 ngày qua...
2025-11-29 12:13:10,918 [INFO]    - Lấy dữ liệu thời tiết thành công.
2025-11-29 12:13:11,328 [INFO]      - Lấy dữ liệu chất lượng không khí thành công.
2025-11-29 12:13:11,331 [INFO]     -> Thành công. Đã xử lý trạm 2161320 (144 dòng).
2025-11-29 12:13:11,331 [INFO]   -> Đang xử lý vị trí trạm ID: 2161321 cho 5 ngày qua...
2025-11-29 12:13:11,737 [INFO]    - Lấy dữ liệu thời tiết thành công.
2025-11-29 12:13:12,055 [INFO]      - Lấy dữ liệu chất lượng không khí thành công.
2025-11-29 12:13:12,057 [INFO]     -> Thành công. Đã xử lý trạm 2161321 (144 dòng).
2025-11-29 12:13:12,057 [INFO]   -> Đang xử lý vị trí trạm ID: 2161322 cho 5 ngày qua...
2025-11-29 12:13:12,304 [INFO]    - Lấy dữ liệu thời tiết thành công.
2025-11-29 12:13:12,555 [INFO]      - Lấy dữ liệu chất lượng không khí thành công.
2025-11-29 12:13:12,557 [INFO]     -> Thành công. Đã xử lý trạm 2161322 (144 dòng).
2025-11-29 12:13:12,557 [INFO]   -> Đang xử lý vị trí trạm ID: 4946811 cho 5 ngày qua...
2025-11-29 12:13:12,967 [INFO]    - Lấy dữ liệu thời tiết thành công.
2025-11-29 12:13:13,381 [INFO]      - Lấy dữ liệu chất lượng không khí thành công.
2025-11-29 12:13:13,384 [INFO]     -> Thành công. Đã xử lý trạm 4946811 (144 dòng).
2025-11-29 12:13:13,384 [INFO]   -> Đang xử lý vị trí trạm ID: 4946812 cho 5 ngày qua...
2025-11-29 12:13:13,785 [INFO]    - Lấy dữ liệu thời tiết thành công.
2025-11-29 12:13:14,196 [INFO]      - Lấy dữ liệu chất lượng không khí thành công.
2025-11-29 12:13:14,198 [INFO]     -> Thành công. Đã xử lý trạm 4946812 (144 dòng).
2025-11-29 12:13:14,198 [INFO]   -> Đang xử lý vị trí trạm ID: 4946813 cho 5 ngày qua...
2025-11-29 12:13:14,605 [INFO]    - Lấy dữ liệu thời tiết thành công.
2025-11-29 12:13:15,014 [INFO]      - Lấy dữ liệu chất lượng không khí thành công.
2025-11-29 12:13:15,016 [INFO]     -> Thành công. Đã xử lý trạm 4946813 (144 dòng).
2025-11-29 12:13:15,020 [INFO] Hoàn tất fetch_recent_data. Tổng cộng 4123 dòng được lấy về.
2025-11-29 12:13:15,020 [INFO] 
 [Bước 3/3] Đang ghi/cập nhật dữ liệu vào file CSV...
2025-11-29 12:13:15,028 [INFO] File '/home/kiet/gkinhere/air-quality-pipeline/air-quality-weather-meteo/Open-Meteo-Dataset/pipelineDataViaSupabase/hanoi_realtime_data_updated.csv' đã tồn tại. Đang đọc dữ liệu cũ...
2025-11-29 12:13:15,414 [INFO] Đang loại bỏ các dòng trùng lặp, giữ lại dữ liệu mới nhất...
2025-11-29 12:13:15,428 [INFO] Đang sắp xếp lại dữ liệu...
2025-11-29 12:13:15,433 [INFO] Đang ghi 30163 dòng vào '/home/kiet/gkinhere/air-quality-pipeline/air-quality-weather-meteo/Open-Meteo-Dataset/pipelineDataViaSupabase/hanoi_realtime_data_updated.csv'...
2025-11-29 12:13:16,409 [INFO] 
==================================================
2025-11-29 12:13:16,409 [INFO] KẾT THÚC ETL JOB. TỔNG THỜI GIAN: 26.54 GIÂY.
2025-11-29 12:13:16,409 [INFO]  -> Đã thêm thành công 1953 bản ghi mới vào '/home/kiet/gkinhere/air-quality-pipeline/air-quality-weather-meteo/Open-Meteo-Dataset/pipelineDataViaSupabase/hanoi_realtime_data_updated.csv'.
2025-11-29 12:13:16,409 [INFO] ==================================================
2025-11-29 14:12:41,361 [INFO] ==================================================
2025-11-29 14:12:41,361 [INFO] BẮT ĐẦU ETL PIPELINE (LƯU RA CSV) LÚC: 2025-11-29 14:12:41.361199
2025-11-29 14:12:41,361 [INFO] ==================================================
2025-11-29 14:12:41,361 [INFO] 
 [Bước 1/3] Đang đọc metadata từ '/home/kiet/gkinhere/air-quality-pipeline/air-quality-weather-meteo/Open-Meteo-Dataset/pipelineDataViaSupabase/../stations_metadata.csv'...
2025-11-29 14:12:41,364 [INFO]  -> Đọc thành công thông tin của 31 trạm.
2025-11-29 14:12:41,364 [INFO] 
 [Bước 2/3] Đang lấy dữ liệu gần đây từ Open-Meteo...
2025-11-29 14:12:41,364 [INFO] Bắt đầu hàm fetch_recent_data...
2025-11-29 14:12:41,366 [INFO]   -> Đang xử lý vị trí trạm ID: 2539 cho 1 ngày qua...
2025-11-29 14:12:41,370 [WARNING] Retrying (Retry(total=4, connect=4, read=5, redirect=None, status=None)) after connection broken by 'NameResolutionError("<urllib3.connection.HTTPSConnection object at 0x7f857bd28350>: Failed to resolve 'api.open-meteo.com' (Name or service not known: api.open-meteo.com using 1 resolver(s))")': /v1/forecast?latitude=21.02177&longitude=105.819002&hourly=temperature_2m&hourly=relative_humidity_2m&hourly=precipitation&hourly=rain&hourly=wind_speed_10m&hourly=wind_direction_10m&hourly=pressure_msl&hourly=boundary_layer_height&timezone=Asia%2FBangkok&past_days=1&forecast_days=1&format=flatbuffers
2025-11-29 14:12:41,772 [WARNING] Retrying (Retry(total=3, connect=3, read=5, redirect=None, status=None)) after connection broken by 'NameResolutionError("<urllib3.connection.HTTPSConnection object at 0x7f857bd285c0>: Failed to resolve 'api.open-meteo.com' (Name or service not known: api.open-meteo.com using 1 resolver(s))")': /v1/forecast?latitude=21.02177&longitude=105.819002&hourly=temperature_2m&hourly=relative_humidity_2m&hourly=precipitation&hourly=rain&hourly=wind_speed_10m&hourly=wind_direction_10m&hourly=pressure_msl&hourly=boundary_layer_height&timezone=Asia%2FBangkok&past_days=1&forecast_days=1&format=flatbuffers
2025-11-29 14:12:42,573 [WARNING] Retrying (Retry(total=2, connect=2, read=5, redirect=None, status=None)) after connection broken by 'NameResolutionError("<urllib3.connection.HTTPSConnection object at 0x7f857bd28800>: Failed to resolve 'api.open-meteo.com' (Name or service not known: api.open-meteo.com using 1 resolver(s))")': /v1/forecast?latitude=21.02177&longitude=105.819002&hourly=temperature_2m&hourly=relative_humidity_2m&hourly=precipitation&hourly=rain&hourly=wind_speed_10m&hourly=wind_direction_10m&hourly=pressure_msl&hourly=boundary_layer_height&timezone=Asia%2FBangkok&past_days=1&forecast_days=1&format=flatbuffers
2025-11-29 14:12:44,174 [WARNING] Retrying (Retry(total=1, connect=1, read=5, redirect=None, status=None)) after connection broken by 'NameResolutionError("<urllib3.connection.HTTPSConnection object at 0x7f857bd28a40>: Failed to resolve 'api.open-meteo.com' (Name or service not known: api.open-meteo.com using 1 resolver(s))")': /v1/forecast?latitude=21.02177&longitude=105.819002&hourly=temperature_2m&hourly=relative_humidity_2m&hourly=precipitation&hourly=rain&hourly=wind_speed_10m&hourly=wind_direction_10m&hourly=pressure_msl&hourly=boundary_layer_height&timezone=Asia%2FBangkok&past_days=1&forecast_days=1&format=flatbuffers
2025-11-29 14:12:47,376 [WARNING] Retrying (Retry(total=0, connect=0, read=5, redirect=None, status=None)) after connection broken by 'NameResolutionError("<urllib3.connection.HTTPSConnection object at 0x7f857bd28c80>: Failed to resolve 'api.open-meteo.com' (Name or service not known: api.open-meteo.com using 1 resolver(s))")': /v1/forecast?latitude=21.02177&longitude=105.819002&hourly=temperature_2m&hourly=relative_humidity_2m&hourly=precipitation&hourly=rain&hourly=wind_speed_10m&hourly=wind_direction_10m&hourly=pressure_msl&hourly=boundary_layer_height&timezone=Asia%2FBangkok&past_days=1&forecast_days=1&format=flatbuffers
2025-11-29 14:12:47,378 [WARNING]   - Cảnh báo: Lỗi khi lấy dữ liệu THỜI TIẾT cho trạm 2539: failed to request 'https://api.open-meteo.com/v1/forecast': HTTPSConnectionPool(host='api.open-meteo.com', port=443): Max retries exceeded with url: /v1/forecast?latitude=21.02177&longitude=105.819002&hourly=temperature_2m&hourly=relative_humidity_2m&hourly=precipitation&hourly=rain&hourly=wind_speed_10m&hourly=wind_direction_10m&hourly=pressure_msl&hourly=boundary_layer_height&timezone=Asia%2FBangkok&past_days=1&forecast_days=1&format=flatbuffers (Caused by NameResolutionError("<urllib3.connection.HTTPSConnection object at 0x7f857bd28ec0>: Failed to resolve 'api.open-meteo.com' (Name or service not known: api.open-meteo.com using 1 resolver(s))"))
2025-11-29 14:12:47,380 [WARNING] Retrying (Retry(total=4, connect=4, read=5, redirect=None, status=None)) after connection broken by 'NameResolutionError("<urllib3.connection.HTTPSConnection object at 0x7f857bd29640>: Failed to resolve 'air-quality-api.open-meteo.com' (Name or service not known: air-quality-api.open-meteo.com using 1 resolver(s))")': /v1/air-quality?latitude=21.02177&longitude=105.819002&hourly=pm10&hourly=pm2_5&hourly=carbon_monoxide&hourly=nitrogen_dioxide&hourly=sulphur_dioxide&hourly=ozone&timezone=Asia%2FBangkok&past_days=1&forecast_days=1&format=flatbuffers
2025-11-29 14:12:47,781 [WARNING] Retrying (Retry(total=3, connect=3, read=5, redirect=None, status=None)) after connection broken by 'NameResolutionError("<urllib3.connection.HTTPSConnection object at 0x7f857bd29850>: Failed to resolve 'air-quality-api.open-meteo.com' (Name or service not known: air-quality-api.open-meteo.com using 1 resolver(s))")': /v1/air-quality?latitude=21.02177&longitude=105.819002&hourly=pm10&hourly=pm2_5&hourly=carbon_monoxide&hourly=nitrogen_dioxide&hourly=sulphur_dioxide&hourly=ozone&timezone=Asia%2FBangkok&past_days=1&forecast_days=1&format=flatbuffers
2025-11-29 14:12:48,582 [WARNING] Retrying (Retry(total=2, connect=2, read=5, redirect=None, status=None)) after connection broken by 'NameResolutionError("<urllib3.connection.HTTPSConnection object at 0x7f857bd29a90>: Failed to resolve 'air-quality-api.open-meteo.com' (Name or service not known: air-quality-api.open-meteo.com using 1 resolver(s))")': /v1/air-quality?latitude=21.02177&longitude=105.819002&hourly=pm10&hourly=pm2_5&hourly=carbon_monoxide&hourly=nitrogen_dioxide&hourly=sulphur_dioxide&hourly=ozone&timezone=Asia%2FBangkok&past_days=1&forecast_days=1&format=flatbuffers
2025-11-29 14:12:50,184 [WARNING] Retrying (Retry(total=1, connect=1, read=5, redirect=None, status=None)) after connection broken by 'NameResolutionError("<urllib3.connection.HTTPSConnection object at 0x7f857bd29cd0>: Failed to resolve 'air-quality-api.open-meteo.com' (Name or service not known: air-quality-api.open-meteo.com using 1 resolver(s))")': /v1/air-quality?latitude=21.02177&longitude=105.819002&hourly=pm10&hourly=pm2_5&hourly=carbon_monoxide&hourly=nitrogen_dioxide&hourly=sulphur_dioxide&hourly=ozone&timezone=Asia%2FBangkok&past_days=1&forecast_days=1&format=flatbuffers
2025-11-29 14:12:51,016 [INFO] 
==================================================
2025-11-29 14:12:51,017 [INFO] KẾT THÚC ETL JOB. TỔNG THỜI GIAN: 9.66 GIÂY.
2025-11-29 14:12:51,017 [INFO]  -> Đã thêm thành công 0 bản ghi mới vào '/home/kiet/gkinhere/air-quality-pipeline/air-quality-weather-meteo/Open-Meteo-Dataset/pipelineDataViaSupabase/hanoi_realtime_data_updated.csv'.
2025-11-29 14:12:51,017 [INFO] ==================================================
2025-11-29 14:12:56,884 [INFO] ==================================================
2025-11-29 14:12:56,884 [INFO] BẮT ĐẦU ETL PIPELINE (LƯU RA CSV) LÚC: 2025-11-29 14:12:56.884360
2025-11-29 14:12:56,884 [INFO] ==================================================
2025-11-29 14:12:56,884 [INFO] 
 [Bước 1/3] Đang đọc metadata từ '/home/kiet/gkinhere/air-quality-pipeline/air-quality-weather-meteo/Open-Meteo-Dataset/pipelineDataViaSupabase/../stations_metadata.csv'...
2025-11-29 14:12:56,887 [INFO]  -> Đọc thành công thông tin của 31 trạm.
2025-11-29 14:12:56,887 [INFO] 
 [Bước 2/3] Đang lấy dữ liệu gần đây từ Open-Meteo...
2025-11-29 14:12:56,887 [INFO] Bắt đầu hàm fetch_recent_data...
2025-11-29 14:12:56,887 [INFO]   -> Đang xử lý vị trí trạm ID: 2539 cho 2 ngày qua...
2025-11-29 14:12:56,891 [WARNING] Retrying (Retry(total=4, connect=4, read=5, redirect=None, status=None)) after connection broken by 'NameResolutionError("<urllib3.connection.HTTPSConnection object at 0x7ed7e02e7ef0>: Failed to resolve 'api.open-meteo.com' (Name or service not known: api.open-meteo.com using 1 resolver(s))")': /v1/forecast?latitude=21.02177&longitude=105.819002&hourly=temperature_2m&hourly=relative_humidity_2m&hourly=precipitation&hourly=rain&hourly=wind_speed_10m&hourly=wind_direction_10m&hourly=pressure_msl&hourly=boundary_layer_height&timezone=Asia%2FBangkok&past_days=2&forecast_days=1&format=flatbuffers
2025-11-29 14:12:57,292 [WARNING] Retrying (Retry(total=3, connect=3, read=5, redirect=None, status=None)) after connection broken by 'NameResolutionError("<urllib3.connection.HTTPSConnection object at 0x7ed7dfb241a0>: Failed to resolve 'api.open-meteo.com' (Name or service not known: api.open-meteo.com using 1 resolver(s))")': /v1/forecast?latitude=21.02177&longitude=105.819002&hourly=temperature_2m&hourly=relative_humidity_2m&hourly=precipitation&hourly=rain&hourly=wind_speed_10m&hourly=wind_direction_10m&hourly=pressure_msl&hourly=boundary_layer_height&timezone=Asia%2FBangkok&past_days=2&forecast_days=1&format=flatbuffers
2025-11-29 14:12:58,093 [WARNING] Retrying (Retry(total=2, connect=2, read=5, redirect=None, status=None)) after connection broken by 'NameResolutionError("<urllib3.connection.HTTPSConnection object at 0x7ed7dfb243e0>: Failed to resolve 'api.open-meteo.com' (Name or service not known: api.open-meteo.com using 1 resolver(s))")': /v1/forecast?latitude=21.02177&longitude=105.819002&hourly=temperature_2m&hourly=relative_humidity_2m&hourly=precipitation&hourly=rain&hourly=wind_speed_10m&hourly=wind_direction_10m&hourly=pressure_msl&hourly=boundary_layer_height&timezone=Asia%2FBangkok&past_days=2&forecast_days=1&format=flatbuffers
2025-11-29 14:12:59,694 [WARNING] Retrying (Retry(total=1, connect=1, read=5, redirect=None, status=None)) after connection broken by 'NameResolutionError("<urllib3.connection.HTTPSConnection object at 0x7ed7dfb24620>: Failed to resolve 'api.open-meteo.com' (Name or service not known: api.open-meteo.com using 1 resolver(s))")': /v1/forecast?latitude=21.02177&longitude=105.819002&hourly=temperature_2m&hourly=relative_humidity_2m&hourly=precipitation&hourly=rain&hourly=wind_speed_10m&hourly=wind_direction_10m&hourly=pressure_msl&hourly=boundary_layer_height&timezone=Asia%2FBangkok&past_days=2&forecast_days=1&format=flatbuffers
2025-11-29 14:13:02,896 [WARNING] Retrying (Retry(total=0, connect=0, read=5, redirect=None, status=None)) after connection broken by 'NameResolutionError("<urllib3.connection.HTTPSConnection object at 0x7ed7dfb24860>: Failed to resolve 'api.open-meteo.com' (Name or service not known: api.open-meteo.com using 1 resolver(s))")': /v1/forecast?latitude=21.02177&longitude=105.819002&hourly=temperature_2m&hourly=relative_humidity_2m&hourly=precipitation&hourly=rain&hourly=wind_speed_10m&hourly=wind_direction_10m&hourly=pressure_msl&hourly=boundary_layer_height&timezone=Asia%2FBangkok&past_days=2&forecast_days=1&format=flatbuffers
2025-11-29 14:13:02,898 [WARNING]   - Cảnh báo: Lỗi khi lấy dữ liệu THỜI TIẾT cho trạm 2539: failed to request 'https://api.open-meteo.com/v1/forecast': HTTPSConnectionPool(host='api.open-meteo.com', port=443): Max retries exceeded with url: /v1/forecast?latitude=21.02177&longitude=105.819002&hourly=temperature_2m&hourly=relative_humidity_2m&hourly=precipitation&hourly=rain&hourly=wind_speed_10m&hourly=wind_direction_10m&hourly=pressure_msl&hourly=boundary_layer_height&timezone=Asia%2FBangkok&past_days=2&forecast_days=1&format=flatbuffers (Caused by NameResolutionError("<urllib3.connection.HTTPSConnection object at 0x7ed7dfb24aa0>: Failed to resolve 'api.open-meteo.com' (Name or service not known: api.open-meteo.com using 1 resolver(s))"))
2025-11-29 14:13:02,900 [WARNING] Retrying (Retry(total=4, connect=4, read=5, redirect=None, status=None)) after connection broken by 'NameResolutionError("<urllib3.connection.HTTPSConnection object at 0x7ed7dfb25220>: Failed to resolve 'air-quality-api.open-meteo.com' (Name or service not known: air-quality-api.open-meteo.com using 1 resolver(s))")': /v1/air-quality?latitude=21.02177&longitude=105.819002&hourly=pm10&hourly=pm2_5&hourly=carbon_monoxide&hourly=nitrogen_dioxide&hourly=sulphur_dioxide&hourly=ozone&timezone=Asia%2FBangkok&past_days=2&forecast_days=1&format=flatbuffers
2025-11-29 14:13:03,300 [WARNING] Retrying (Retry(total=3, connect=3, read=5, redirect=None, status=None)) after connection broken by 'NameResolutionError("<urllib3.connection.HTTPSConnection object at 0x7ed7dfb25430>: Failed to resolve 'air-quality-api.open-meteo.com' (Name or service not known: air-quality-api.open-meteo.com using 1 resolver(s))")': /v1/air-quality?latitude=21.02177&longitude=105.819002&hourly=pm10&hourly=pm2_5&hourly=carbon_monoxide&hourly=nitrogen_dioxide&hourly=sulphur_dioxide&hourly=ozone&timezone=Asia%2FBangkok&past_days=2&forecast_days=1&format=flatbuffers
2025-11-29 14:13:04,101 [WARNING] Retrying (Retry(total=2, connect=2, read=5, redirect=None, status=None)) after connection broken by 'NameResolutionError("<urllib3.connection.HTTPSConnection object at 0x7ed7dfb25670>: Failed to resolve 'air-quality-api.open-meteo.com' (Name or service not known: air-quality-api.open-meteo.com using 1 resolver(s))")': /v1/air-quality?latitude=21.02177&longitude=105.819002&hourly=pm10&hourly=pm2_5&hourly=carbon_monoxide&hourly=nitrogen_dioxide&hourly=sulphur_dioxide&hourly=ozone&timezone=Asia%2FBangkok&past_days=2&forecast_days=1&format=flatbuffers
2025-11-29 14:14:12,006 [INFO] ==================================================
2025-11-29 14:14:12,006 [INFO] BẮT ĐẦU ETL PIPELINE (LƯU RA CSV) LÚC: 2025-11-29 14:14:12.006788
2025-11-29 14:14:12,006 [INFO] ==================================================
2025-11-29 14:14:12,006 [INFO] 
 [Bước 1/3] Đang đọc metadata từ '/home/kiet/gkinhere/air-quality-pipeline/air-quality-weather-meteo/Open-Meteo-Dataset/pipelineDataViaSupabase/../stations_metadata.csv'...
2025-11-29 14:14:12,009 [INFO]  -> Đọc thành công thông tin của 31 trạm.
2025-11-29 14:14:12,009 [INFO] 
 [Bước 2/3] Đang lấy dữ liệu gần đây từ Open-Meteo...
2025-11-29 14:14:12,009 [INFO] Bắt đầu hàm fetch_recent_data...
2025-11-29 14:14:12,010 [INFO]   -> Đang xử lý vị trí trạm ID: 2539 cho 2 ngày qua...
2025-11-29 14:14:13,032 [INFO]    - Lấy dữ liệu thời tiết thành công.
2025-11-29 14:14:14,162 [INFO]      - Lấy dữ liệu chất lượng không khí thành công.
2025-11-29 14:14:14,176 [INFO]     -> Thành công. Đã xử lý trạm 2539 (72 dòng).
2025-11-29 14:14:14,177 [INFO]   -> Đang xử lý vị trí trạm ID: 7441 cho 2 ngày qua...
2025-11-29 14:14:14,437 [INFO]    - Lấy dữ liệu thời tiết thành công.
2025-11-29 14:14:14,677 [INFO]      - Lấy dữ liệu chất lượng không khí thành công.
2025-11-29 14:14:14,679 [INFO]     -> Thành công. Đã xử lý trạm 7441 (72 dòng).
2025-11-29 14:14:14,680 [INFO]   -> Đang xử lý vị trí trạm ID: 1285357 cho 2 ngày qua...
2025-11-29 14:14:14,948 [INFO]    - Lấy dữ liệu thời tiết thành công.
2025-11-29 14:14:15,190 [INFO]      - Lấy dữ liệu chất lượng không khí thành công.
2025-11-29 14:14:15,193 [INFO]     -> Thành công. Đã xử lý trạm 1285357 (72 dòng).
2025-11-29 14:14:15,193 [INFO]   -> Đang xử lý vị trí trạm ID: 2161290 cho 2 ngày qua...
2025-11-29 14:14:15,459 [INFO]    - Lấy dữ liệu thời tiết thành công.
2025-11-29 14:14:15,766 [INFO]      - Lấy dữ liệu chất lượng không khí thành công.
2025-11-29 14:14:15,768 [INFO]     -> Thành công. Đã xử lý trạm 2161290 (72 dòng).
2025-11-29 14:14:15,768 [INFO]   -> Đang xử lý vị trí trạm ID: 2161291 cho 2 ngày qua...
2025-11-29 14:14:16,073 [INFO]    - Lấy dữ liệu thời tiết thành công.
2025-11-29 14:14:16,380 [INFO]      - Lấy dữ liệu chất lượng không khí thành công.
2025-11-29 14:14:16,382 [INFO]     -> Thành công. Đã xử lý trạm 2161291 (72 dòng).
2025-11-29 14:14:16,382 [INFO]   -> Đang xử lý vị trí trạm ID: 2161292 cho 2 ngày qua...
2025-11-29 14:14:16,687 [INFO]    - Lấy dữ liệu thời tiết thành công.
2025-11-29 14:14:16,994 [INFO]      - Lấy dữ liệu chất lượng không khí thành công.
2025-11-29 14:14:16,995 [INFO]     -> Thành công. Đã xử lý trạm 2161292 (72 dòng).
2025-11-29 14:14:16,996 [INFO]   -> Đang xử lý vị trí trạm ID: 2161293 cho 2 ngày qua...
2025-11-29 14:14:17,300 [INFO]    - Lấy dữ liệu thời tiết thành công.
2025-11-29 14:14:17,606 [INFO]      - Lấy dữ liệu chất lượng không khí thành công.
2025-11-29 14:14:17,608 [INFO]     -> Thành công. Đã xử lý trạm 2161293 (72 dòng).
2025-11-29 14:14:17,608 [INFO]   -> Đang xử lý vị trí trạm ID: 2161294 cho 2 ngày qua...
2025-11-29 14:14:17,913 [INFO]    - Lấy dữ liệu thời tiết thành công.
2025-11-29 14:14:18,221 [INFO]      - Lấy dữ liệu chất lượng không khí thành công.
2025-11-29 14:14:18,222 [INFO]     -> Thành công. Đã xử lý trạm 2161294 (72 dòng).
2025-11-29 14:14:18,223 [INFO]   -> Đang xử lý vị trí trạm ID: 2161295 cho 2 ngày qua...
2025-11-29 14:14:18,528 [INFO]    - Lấy dữ liệu thời tiết thành công.
2025-11-29 14:14:18,834 [INFO]      - Lấy dữ liệu chất lượng không khí thành công.
2025-11-29 14:14:18,836 [INFO]     -> Thành công. Đã xử lý trạm 2161295 (72 dòng).
2025-11-29 14:14:18,836 [INFO]   -> Đang xử lý vị trí trạm ID: 2161296 cho 2 ngày qua...
2025-11-29 14:14:19,141 [INFO]    - Lấy dữ liệu thời tiết thành công.
2025-11-29 14:14:19,447 [INFO]      - Lấy dữ liệu chất lượng không khí thành công.
2025-11-29 14:14:19,449 [INFO]     -> Thành công. Đã xử lý trạm 2161296 (72 dòng).
2025-11-29 14:14:19,449 [INFO]   -> Đang xử lý vị trí trạm ID: 2161298 cho 2 ngày qua...
2025-11-29 14:14:19,755 [INFO]    - Lấy dữ liệu thời tiết thành công.
2025-11-29 14:14:20,062 [INFO]      - Lấy dữ liệu chất lượng không khí thành công.
2025-11-29 14:14:20,063 [INFO]     -> Thành công. Đã xử lý trạm 2161298 (72 dòng).
2025-11-29 14:14:20,064 [INFO]   -> Đang xử lý vị trí trạm ID: 2161299 cho 2 ngày qua...
2025-11-29 14:14:20,369 [INFO]    - Lấy dữ liệu thời tiết thành công.
2025-11-29 14:14:20,676 [INFO]      - Lấy dữ liệu chất lượng không khí thành công.
2025-11-29 14:14:20,678 [INFO]     -> Thành công. Đã xử lý trạm 2161299 (72 dòng).
2025-11-29 14:14:20,678 [INFO]   -> Đang xử lý vị trí trạm ID: 2161300 cho 2 ngày qua...
2025-11-29 14:14:20,983 [INFO]    - Lấy dữ liệu thời tiết thành công.
2025-11-29 14:14:22,006 [INFO]      - Lấy dữ liệu chất lượng không khí thành công.
2025-11-29 14:14:22,009 [INFO]     -> Thành công. Đã xử lý trạm 2161300 (72 dòng).
2025-11-29 14:14:22,009 [INFO]   -> Đang xử lý vị trí trạm ID: 2161301 cho 2 ngày qua...
2025-11-29 14:14:22,313 [INFO]    - Lấy dữ liệu thời tiết thành công.
2025-11-29 14:14:22,621 [INFO]      - Lấy dữ liệu chất lượng không khí thành công.
2025-11-29 14:14:22,622 [INFO]     -> Thành công. Đã xử lý trạm 2161301 (72 dòng).
2025-11-29 14:14:22,629 [INFO]   -> Đang xử lý vị trí trạm ID: 2161303 cho 2 ngày qua...
2025-11-29 14:14:22,927 [INFO]    - Lấy dữ liệu thời tiết thành công.
2025-11-29 14:14:23,235 [INFO]      - Lấy dữ liệu chất lượng không khí thành công.
2025-11-29 14:14:23,237 [INFO]     -> Thành công. Đã xử lý trạm 2161303 (72 dòng).
2025-11-29 14:14:23,237 [INFO]   -> Đang xử lý vị trí trạm ID: 2161304 cho 2 ngày qua...
2025-11-29 14:14:23,644 [INFO]    - Lấy dữ liệu thời tiết thành công.
2025-11-29 14:14:23,951 [INFO]      - Lấy dữ liệu chất lượng không khí thành công.
2025-11-29 14:14:23,953 [INFO]     -> Thành công. Đã xử lý trạm 2161304 (72 dòng).
2025-11-29 14:14:23,953 [INFO]   -> Đang xử lý vị trí trạm ID: 2161306 cho 2 ngày qua...
2025-11-29 14:14:24,257 [INFO]    - Lấy dữ liệu thời tiết thành công.
2025-11-29 14:14:24,565 [INFO]      - Lấy dữ liệu chất lượng không khí thành công.
2025-11-29 14:14:24,567 [INFO]     -> Thành công. Đã xử lý trạm 2161306 (72 dòng).
2025-11-29 14:14:24,568 [INFO]   -> Đang xử lý vị trí trạm ID: 2161307 cho 2 ngày qua...
2025-11-29 14:14:24,872 [INFO]    - Lấy dữ liệu thời tiết thành công.
2025-11-29 14:14:25,109 [INFO]      - Lấy dữ liệu chất lượng không khí thành công.
2025-11-29 14:14:25,111 [INFO]     -> Thành công. Đã xử lý trạm 2161307 (72 dòng).
2025-11-29 14:14:25,111 [INFO]   -> Đang xử lý vị trí trạm ID: 2161308 cho 2 ngày qua...
2025-11-29 14:14:25,383 [INFO]    - Lấy dữ liệu thời tiết thành công.
2025-11-29 14:14:25,691 [INFO]      - Lấy dữ liệu chất lượng không khí thành công.
2025-11-29 14:14:25,693 [INFO]     -> Thành công. Đã xử lý trạm 2161308 (72 dòng).
2025-11-29 14:14:25,693 [INFO]   -> Đang xử lý vị trí trạm ID: 2161309 cho 2 ngày qua...
2025-11-29 14:14:25,998 [INFO]    - Lấy dữ liệu thời tiết thành công.
2025-11-29 14:14:26,304 [INFO]      - Lấy dữ liệu chất lượng không khí thành công.
2025-11-29 14:14:26,306 [INFO]     -> Thành công. Đã xử lý trạm 2161309 (72 dòng).
2025-11-29 14:14:26,307 [INFO]   -> Đang xử lý vị trí trạm ID: 2161313 cho 2 ngày qua...
2025-11-29 14:14:26,613 [INFO]    - Lấy dữ liệu thời tiết thành công.
2025-11-29 14:14:26,919 [INFO]      - Lấy dữ liệu chất lượng không khí thành công.
2025-11-29 14:14:26,921 [INFO]     -> Thành công. Đã xử lý trạm 2161313 (72 dòng).
2025-11-29 14:14:26,921 [INFO]   -> Đang xử lý vị trí trạm ID: 2161314 cho 2 ngày qua...
2025-11-29 14:14:27,227 [INFO]    - Lấy dữ liệu thời tiết thành công.
2025-11-29 14:14:27,535 [INFO]      - Lấy dữ liệu chất lượng không khí thành công.
2025-11-29 14:14:27,537 [INFO]     -> Thành công. Đã xử lý trạm 2161314 (72 dòng).
2025-11-29 14:14:27,537 [INFO]   -> Đang xử lý vị trí trạm ID: 2161315 cho 2 ngày qua...
2025-11-29 14:14:27,841 [INFO]    - Lấy dữ liệu thời tiết thành công.
2025-11-29 14:14:28,150 [INFO]      - Lấy dữ liệu chất lượng không khí thành công.
2025-11-29 14:14:28,152 [INFO]     -> Thành công. Đã xử lý trạm 2161315 (72 dòng).
2025-11-29 14:14:28,152 [INFO]   -> Đang xử lý vị trí trạm ID: 2161316 cho 2 ngày qua...
2025-11-29 14:14:28,455 [INFO]    - Lấy dữ liệu thời tiết thành công.
2025-11-29 14:14:28,764 [INFO]      - Lấy dữ liệu chất lượng không khí thành công.
2025-11-29 14:14:28,766 [INFO]     -> Thành công. Đã xử lý trạm 2161316 (72 dòng).
2025-11-29 14:14:28,766 [INFO]   -> Đang xử lý vị trí trạm ID: 2161318 cho 2 ngày qua...
2025-11-29 14:14:29,071 [INFO]    - Lấy dữ liệu thời tiết thành công.
2025-11-29 14:14:29,378 [INFO]      - Lấy dữ liệu chất lượng không khí thành công.
2025-11-29 14:14:29,379 [INFO]     -> Thành công. Đã xử lý trạm 2161318 (72 dòng).
2025-11-29 14:14:29,380 [INFO]   -> Đang xử lý vị trí trạm ID: 2161320 cho 2 ngày qua...
2025-11-29 14:14:29,685 [INFO]    - Lấy dữ liệu thời tiết thành công.
2025-11-29 14:14:29,993 [INFO]      - Lấy dữ liệu chất lượng không khí thành công.
2025-11-29 14:14:29,995 [INFO]     -> Thành công. Đã xử lý trạm 2161320 (72 dòng).
2025-11-29 14:14:29,995 [INFO]   -> Đang xử lý vị trí trạm ID: 2161321 cho 2 ngày qua...
2025-11-29 14:14:30,300 [INFO]    - Lấy dữ liệu thời tiết thành công.
2025-11-29 14:14:30,607 [INFO]      - Lấy dữ liệu chất lượng không khí thành công.
2025-11-29 14:14:30,609 [INFO]     -> Thành công. Đã xử lý trạm 2161321 (72 dòng).
2025-11-29 14:14:30,609 [INFO]   -> Đang xử lý vị trí trạm ID: 2161322 cho 2 ngày qua...
2025-11-29 14:14:30,914 [INFO]    - Lấy dữ liệu thời tiết thành công.
2025-11-29 14:14:31,222 [INFO]      - Lấy dữ liệu chất lượng không khí thành công.
2025-11-29 14:14:31,224 [INFO]     -> Thành công. Đã xử lý trạm 2161322 (72 dòng).
2025-11-29 14:14:31,224 [INFO]   -> Đang xử lý vị trí trạm ID: 4946811 cho 2 ngày qua...
2025-11-29 14:14:31,528 [INFO]    - Lấy dữ liệu thời tiết thành công.
2025-11-29 14:14:31,835 [INFO]      - Lấy dữ liệu chất lượng không khí thành công.
2025-11-29 14:14:31,837 [INFO]     -> Thành công. Đã xử lý trạm 4946811 (72 dòng).
2025-11-29 14:14:31,838 [INFO]   -> Đang xử lý vị trí trạm ID: 4946812 cho 2 ngày qua...
2025-11-29 14:14:32,143 [INFO]    - Lấy dữ liệu thời tiết thành công.
2025-11-29 14:14:32,450 [INFO]      - Lấy dữ liệu chất lượng không khí thành công.
2025-11-29 14:14:32,452 [INFO]     -> Thành công. Đã xử lý trạm 4946812 (72 dòng).
2025-11-29 14:14:32,452 [INFO]   -> Đang xử lý vị trí trạm ID: 4946813 cho 2 ngày qua...
2025-11-29 14:14:32,757 [INFO]    - Lấy dữ liệu thời tiết thành công.
2025-11-29 14:14:33,065 [INFO]      - Lấy dữ liệu chất lượng không khí thành công.
2025-11-29 14:14:33,066 [INFO]     -> Thành công. Đã xử lý trạm 4946813 (72 dòng).
2025-11-29 14:14:33,069 [INFO] Hoàn tất fetch_recent_data. Tổng cộng 1953 dòng được lấy về.
2025-11-29 14:14:33,070 [INFO] 
 [Bước 3/3] Đang ghi/cập nhật dữ liệu vào file CSV...
2025-11-29 14:14:33,073 [INFO] File '/home/kiet/gkinhere/air-quality-pipeline/air-quality-weather-meteo/Open-Meteo-Dataset/pipelineDataViaSupabase/hanoi_realtime_data_updated.csv' đã tồn tại. Đang đọc dữ liệu cũ...
2025-11-29 14:14:33,417 [INFO] Đang loại bỏ các dòng trùng lặp, giữ lại dữ liệu mới nhất...
2025-11-29 14:14:33,431 [INFO] Đang sắp xếp lại dữ liệu...
2025-11-29 14:14:33,437 [INFO] Đang ghi 30225 dòng vào '/home/kiet/gkinhere/air-quality-pipeline/air-quality-weather-meteo/Open-Meteo-Dataset/pipelineDataViaSupabase/hanoi_realtime_data_updated.csv'...
2025-11-29 14:14:34,302 [INFO] 
==================================================
2025-11-29 14:14:34,303 [INFO] KẾT THÚC ETL JOB. TỔNG THỜI GIAN: 22.30 GIÂY.
2025-11-29 14:14:34,303 [INFO]  -> Đã thêm thành công 62 bản ghi mới vào '/home/kiet/gkinhere/air-quality-pipeline/air-quality-weather-meteo/Open-Meteo-Dataset/pipelineDataViaSupabase/hanoi_realtime_data_updated.csv'.
2025-11-29 14:14:34,303 [INFO] ==================================================
2025-11-29 15:02:23,340 [INFO] ==================================================
2025-11-29 15:02:23,341 [INFO] BẮT ĐẦU ETL PIPELINE (LƯU RA CSV) LÚC: 2025-11-29 15:02:23.341332
2025-11-29 15:02:23,341 [INFO] ==================================================
2025-11-29 15:02:23,341 [INFO] 
 [Bước 1/3] Đang đọc metadata từ '/home/kiet/gkinhere/air-quality-pipeline/air-quality-weather-meteo/Open-Meteo-Dataset/pipelineDataViaSupabase/../stations_metadata.csv'...
2025-11-29 15:02:23,343 [INFO]  -> Đọc thành công thông tin của 31 trạm.
2025-11-29 15:02:23,343 [INFO] 
 [Bước 2/3] Đang lấy dữ liệu gần đây từ Open-Meteo...
2025-11-29 15:02:23,343 [INFO] Bắt đầu hàm fetch_recent_data...
2025-11-29 15:02:23,344 [INFO]   -> Đang xử lý vị trí trạm ID: 2539 cho 2 ngày qua...
2025-11-29 15:02:24,498 [INFO]    - Lấy dữ liệu thời tiết thành công.
2025-11-29 15:02:25,672 [INFO]      - Lấy dữ liệu chất lượng không khí thành công.
2025-11-29 15:02:25,684 [INFO]     -> Thành công. Đã xử lý trạm 2539 (72 dòng).
2025-11-29 15:02:25,685 [INFO]   -> Đang xử lý vị trí trạm ID: 7441 cho 2 ngày qua...
2025-11-29 15:02:25,979 [INFO]    - Lấy dữ liệu thời tiết thành công.
2025-11-29 15:02:26,221 [INFO]      - Lấy dữ liệu chất lượng không khí thành công.
2025-11-29 15:02:26,222 [INFO]     -> Thành công. Đã xử lý trạm 7441 (72 dòng).
2025-11-29 15:02:26,223 [INFO]   -> Đang xử lý vị trí trạm ID: 1285357 cho 2 ngày qua...
2025-11-29 15:02:26,490 [INFO]    - Lấy dữ liệu thời tiết thành công.
2025-11-29 15:02:26,798 [INFO]      - Lấy dữ liệu chất lượng không khí thành công.
2025-11-29 15:02:26,800 [INFO]     -> Thành công. Đã xử lý trạm 1285357 (72 dòng).
2025-11-29 15:02:26,800 [INFO]   -> Đang xử lý vị trí trạm ID: 2161290 cho 2 ngày qua...
2025-11-29 15:02:27,105 [INFO]    - Lấy dữ liệu thời tiết thành công.
2025-11-29 15:02:27,823 [INFO]      - Lấy dữ liệu chất lượng không khí thành công.
2025-11-29 15:02:27,824 [INFO]     -> Thành công. Đã xử lý trạm 2161290 (72 dòng).
2025-11-29 15:02:27,824 [INFO]   -> Đang xử lý vị trí trạm ID: 2161291 cho 2 ngày qua...
2025-11-29 15:02:28,129 [INFO]    - Lấy dữ liệu thời tiết thành công.
2025-11-29 15:02:28,436 [INFO]      - Lấy dữ liệu chất lượng không khí thành công.
2025-11-29 15:02:28,437 [INFO]     -> Thành công. Đã xử lý trạm 2161291 (72 dòng).
2025-11-29 15:02:28,438 [INFO]   -> Đang xử lý vị trí trạm ID: 2161292 cho 2 ngày qua...
2025-11-29 15:02:28,744 [INFO]    - Lấy dữ liệu thời tiết thành công.
2025-11-29 15:02:29,050 [INFO]      - Lấy dữ liệu chất lượng không khí thành công.
2025-11-29 15:02:29,052 [INFO]     -> Thành công. Đã xử lý trạm 2161292 (72 dòng).
2025-11-29 15:02:29,052 [INFO]   -> Đang xử lý vị trí trạm ID: 2161293 cho 2 ngày qua...
2025-11-29 15:02:29,357 [INFO]    - Lấy dữ liệu thời tiết thành công.
2025-11-29 15:02:29,665 [INFO]      - Lấy dữ liệu chất lượng không khí thành công.
2025-11-29 15:02:29,666 [INFO]     -> Thành công. Đã xử lý trạm 2161293 (72 dòng).
2025-11-29 15:02:29,666 [INFO]   -> Đang xử lý vị trí trạm ID: 2161294 cho 2 ngày qua...
2025-11-29 15:02:29,972 [INFO]    - Lấy dữ liệu thời tiết thành công.
2025-11-29 15:02:30,279 [INFO]      - Lấy dữ liệu chất lượng không khí thành công.
2025-11-29 15:02:30,281 [INFO]     -> Thành công. Đã xử lý trạm 2161294 (72 dòng).
2025-11-29 15:02:30,281 [INFO]   -> Đang xử lý vị trí trạm ID: 2161295 cho 2 ngày qua...
2025-11-29 15:02:30,586 [INFO]    - Lấy dữ liệu thời tiết thành công.
2025-11-29 15:02:30,893 [INFO]      - Lấy dữ liệu chất lượng không khí thành công.
2025-11-29 15:02:30,895 [INFO]     -> Thành công. Đã xử lý trạm 2161295 (72 dòng).
2025-11-29 15:02:30,895 [INFO]   -> Đang xử lý vị trí trạm ID: 2161296 cho 2 ngày qua...
2025-11-29 15:02:31,201 [INFO]    - Lấy dữ liệu thời tiết thành công.
2025-11-29 15:02:31,508 [INFO]      - Lấy dữ liệu chất lượng không khí thành công.
2025-11-29 15:02:31,510 [INFO]     -> Thành công. Đã xử lý trạm 2161296 (72 dòng).
2025-11-29 15:02:31,510 [INFO]   -> Đang xử lý vị trí trạm ID: 2161298 cho 2 ngày qua...
2025-11-29 15:02:31,816 [INFO]    - Lấy dữ liệu thời tiết thành công.
2025-11-29 15:02:32,122 [INFO]      - Lấy dữ liệu chất lượng không khí thành công.
2025-11-29 15:02:32,124 [INFO]     -> Thành công. Đã xử lý trạm 2161298 (72 dòng).
2025-11-29 15:02:32,124 [INFO]   -> Đang xử lý vị trí trạm ID: 2161299 cho 2 ngày qua...
2025-11-29 15:02:32,429 [INFO]    - Lấy dữ liệu thời tiết thành công.
2025-11-29 15:02:32,737 [INFO]      - Lấy dữ liệu chất lượng không khí thành công.
2025-11-29 15:02:32,739 [INFO]     -> Thành công. Đã xử lý trạm 2161299 (72 dòng).
2025-11-29 15:02:32,739 [INFO]   -> Đang xử lý vị trí trạm ID: 2161300 cho 2 ngày qua...
2025-11-29 15:02:33,044 [INFO]    - Lấy dữ liệu thời tiết thành công.
2025-11-29 15:02:33,351 [INFO]      - Lấy dữ liệu chất lượng không khí thành công.
2025-11-29 15:02:33,353 [INFO]     -> Thành công. Đã xử lý trạm 2161300 (72 dòng).
2025-11-29 15:02:33,353 [INFO]   -> Đang xử lý vị trí trạm ID: 2161301 cho 2 ngày qua...
2025-11-29 15:02:33,658 [INFO]    - Lấy dữ liệu thời tiết thành công.
2025-11-29 15:02:33,971 [INFO]      - Lấy dữ liệu chất lượng không khí thành công.
2025-11-29 15:02:33,972 [INFO]     -> Thành công. Đã xử lý trạm 2161301 (72 dòng).
2025-11-29 15:02:33,972 [INFO]   -> Đang xử lý vị trí trạm ID: 2161303 cho 2 ngày qua...
2025-11-29 15:02:34,273 [INFO]    - Lấy dữ liệu thời tiết thành công.
2025-11-29 15:02:34,580 [INFO]      - Lấy dữ liệu chất lượng không khí thành công.
2025-11-29 15:02:34,581 [INFO]     -> Thành công. Đã xử lý trạm 2161303 (72 dòng).
2025-11-29 15:02:34,588 [INFO]   -> Đang xử lý vị trí trạm ID: 2161304 cho 2 ngày qua...
2025-11-29 15:02:34,888 [INFO]    - Lấy dữ liệu thời tiết thành công.
2025-11-29 15:02:35,122 [INFO]      - Lấy dữ liệu chất lượng không khí thành công.
2025-11-29 15:02:35,124 [INFO]     -> Thành công. Đã xử lý trạm 2161304 (72 dòng).
2025-11-29 15:02:35,124 [INFO]   -> Đang xử lý vị trí trạm ID: 2161306 cho 2 ngày qua...
2025-11-29 15:02:35,400 [INFO]    - Lấy dữ liệu thời tiết thành công.
2025-11-29 15:02:35,707 [INFO]      - Lấy dữ liệu chất lượng không khí thành công.
2025-11-29 15:02:35,709 [INFO]     -> Thành công. Đã xử lý trạm 2161306 (72 dòng).
2025-11-29 15:02:35,709 [INFO]   -> Đang xử lý vị trí trạm ID: 2161307 cho 2 ngày qua...
2025-11-29 15:02:36,013 [INFO]    - Lấy dữ liệu thời tiết thành công.
2025-11-29 15:02:36,320 [INFO]      - Lấy dữ liệu chất lượng không khí thành công.
2025-11-29 15:02:36,322 [INFO]     -> Thành công. Đã xử lý trạm 2161307 (72 dòng).
2025-11-29 15:02:36,322 [INFO]   -> Đang xử lý vị trí trạm ID: 2161308 cho 2 ngày qua...
2025-11-29 15:02:36,628 [INFO]    - Lấy dữ liệu thời tiết thành công.
2025-11-29 15:02:36,936 [INFO]      - Lấy dữ liệu chất lượng không khí thành công.
2025-11-29 15:02:36,938 [INFO]     -> Thành công. Đã xử lý trạm 2161308 (72 dòng).
2025-11-29 15:02:36,938 [INFO]   -> Đang xử lý vị trí trạm ID: 2161309 cho 2 ngày qua...
2025-11-29 15:02:37,243 [INFO]    - Lấy dữ liệu thời tiết thành công.
2025-11-29 15:02:37,474 [INFO]      - Lấy dữ liệu chất lượng không khí thành công.
2025-11-29 15:02:37,475 [INFO]     -> Thành công. Đã xử lý trạm 2161309 (72 dòng).
2025-11-29 15:02:37,475 [INFO]   -> Đang xử lý vị trí trạm ID: 2161313 cho 2 ngày qua...
2025-11-29 15:02:37,755 [INFO]    - Lấy dữ liệu thời tiết thành công.
2025-11-29 15:02:38,164 [INFO]      - Lấy dữ liệu chất lượng không khí thành công.
2025-11-29 15:02:38,166 [INFO]     -> Thành công. Đã xử lý trạm 2161313 (72 dòng).
2025-11-29 15:02:38,166 [INFO]   -> Đang xử lý vị trí trạm ID: 2161314 cho 2 ngày qua...
2025-11-29 15:02:38,472 [INFO]    - Lấy dữ liệu thời tiết thành công.
2025-11-29 15:02:38,781 [INFO]      - Lấy dữ liệu chất lượng không khí thành công.
2025-11-29 15:02:38,783 [INFO]     -> Thành công. Đã xử lý trạm 2161314 (72 dòng).
2025-11-29 15:02:38,783 [INFO]   -> Đang xử lý vị trí trạm ID: 2161315 cho 2 ngày qua...
2025-11-29 15:02:39,037 [INFO]    - Lấy dữ liệu thời tiết thành công.
2025-11-29 15:02:39,279 [INFO]      - Lấy dữ liệu chất lượng không khí thành công.
2025-11-29 15:02:39,281 [INFO]     -> Thành công. Đã xử lý trạm 2161315 (72 dòng).
2025-11-29 15:02:39,281 [INFO]   -> Đang xử lý vị trí trạm ID: 2161316 cho 2 ngày qua...
2025-11-29 15:02:39,516 [INFO]    - Lấy dữ liệu thời tiết thành công.
2025-11-29 15:02:39,751 [INFO]      - Lấy dữ liệu chất lượng không khí thành công.
2025-11-29 15:02:39,752 [INFO]     -> Thành công. Đã xử lý trạm 2161316 (72 dòng).
2025-11-29 15:02:39,752 [INFO]   -> Đang xử lý vị trí trạm ID: 2161318 cho 2 ngày qua...
2025-11-29 15:02:39,987 [INFO]    - Lấy dữ liệu thời tiết thành công.
2025-11-29 15:02:40,232 [INFO]      - Lấy dữ liệu chất lượng không khí thành công.
2025-11-29 15:02:40,233 [INFO]     -> Thành công. Đã xử lý trạm 2161318 (72 dòng).
2025-11-29 15:02:40,234 [INFO]   -> Đang xử lý vị trí trạm ID: 2161320 cho 2 ngày qua...
2025-11-29 15:02:40,466 [INFO]    - Lấy dữ liệu thời tiết thành công.
2025-11-29 15:02:40,724 [INFO]      - Lấy dữ liệu chất lượng không khí thành công.
2025-11-29 15:02:40,726 [INFO]     -> Thành công. Đã xử lý trạm 2161320 (72 dòng).
2025-11-29 15:02:40,726 [INFO]   -> Đang xử lý vị trí trạm ID: 2161321 cho 2 ngày qua...
2025-11-29 15:02:40,957 [INFO]    - Lấy dữ liệu thời tiết thành công.
2025-11-29 15:02:41,191 [INFO]      - Lấy dữ liệu chất lượng không khí thành công.
2025-11-29 15:02:41,192 [INFO]     -> Thành công. Đã xử lý trạm 2161321 (72 dòng).
2025-11-29 15:02:41,192 [INFO]   -> Đang xử lý vị trí trạm ID: 2161322 cho 2 ngày qua...
2025-11-29 15:02:41,426 [INFO]    - Lấy dữ liệu thời tiết thành công.
2025-11-29 15:02:41,667 [INFO]      - Lấy dữ liệu chất lượng không khí thành công.
2025-11-29 15:02:41,669 [INFO]     -> Thành công. Đã xử lý trạm 2161322 (72 dòng).
2025-11-29 15:02:41,670 [INFO]   -> Đang xử lý vị trí trạm ID: 4946811 cho 2 ngày qua...
2025-11-29 15:02:41,953 [INFO]    - Lấy dữ liệu thời tiết thành công.
2025-11-29 15:02:42,260 [INFO]      - Lấy dữ liệu chất lượng không khí thành công.
2025-11-29 15:02:42,262 [INFO]     -> Thành công. Đã xử lý trạm 4946811 (72 dòng).
2025-11-29 15:02:42,262 [INFO]   -> Đang xử lý vị trí trạm ID: 4946812 cho 2 ngày qua...
2025-11-29 15:02:42,517 [INFO]    - Lấy dữ liệu thời tiết thành công.
2025-11-29 15:02:42,774 [INFO]      - Lấy dữ liệu chất lượng không khí thành công.
2025-11-29 15:02:42,775 [INFO]     -> Thành công. Đã xử lý trạm 4946812 (72 dòng).
2025-11-29 15:02:42,775 [INFO]   -> Đang xử lý vị trí trạm ID: 4946813 cho 2 ngày qua...
2025-11-29 15:02:43,082 [INFO]    - Lấy dữ liệu thời tiết thành công.
2025-11-29 15:02:43,315 [INFO]      - Lấy dữ liệu chất lượng không khí thành công.
2025-11-29 15:02:43,317 [INFO]     -> Thành công. Đã xử lý trạm 4946813 (72 dòng).
2025-11-29 15:02:43,320 [INFO] Hoàn tất fetch_recent_data. Tổng cộng 1984 dòng được lấy về.
2025-11-29 15:02:43,320 [INFO] 
 [Bước 3/3] Đang ghi/cập nhật dữ liệu vào file CSV...
2025-11-29 15:02:43,323 [INFO] File '/home/kiet/gkinhere/air-quality-pipeline/air-quality-weather-meteo/Open-Meteo-Dataset/pipelineDataViaSupabase/hanoi_realtime_data_updated.csv' đã tồn tại. Đang đọc dữ liệu cũ...
2025-11-29 15:02:43,627 [INFO] Đang loại bỏ các dòng trùng lặp, giữ lại dữ liệu mới nhất...
2025-11-29 15:02:43,632 [INFO] Đang sắp xếp lại dữ liệu...
2025-11-29 15:02:43,635 [INFO] Đang ghi 30256 dòng vào '/home/kiet/gkinhere/air-quality-pipeline/air-quality-weather-meteo/Open-Meteo-Dataset/pipelineDataViaSupabase/hanoi_realtime_data_updated.csv'...
2025-11-29 15:02:44,246 [INFO] 
==================================================
2025-11-29 15:02:44,246 [INFO] KẾT THÚC ETL JOB. TỔNG THỜI GIAN: 20.91 GIÂY.
2025-11-29 15:02:44,246 [INFO]  -> Đã thêm thành công 31 bản ghi mới vào '/home/kiet/gkinhere/air-quality-pipeline/air-quality-weather-meteo/Open-Meteo-Dataset/pipelineDataViaSupabase/hanoi_realtime_data_updated.csv'.
2025-11-29 15:02:44,246 [INFO] ==================================================
